version-runtime,version-sdk,date,dlc-runtime,dlc-sdk,blob-runtime,blob-sdk,runtime-linux-x64,runtime-mac-x64,runtime-win-x86,runtime-win-x64,sdk-linux-x64,sdk-mac-x64,sdk-win-x86,sdk-win-x64,runtime-centos,runtime-debian,runtime-fedora.23,runtime-fedora.24,runtime-fedora.27,runtime-fedora.28,runtime-opensuse.13.2,runtime-opensuse.42.1,runtime-opensuse.42.3,runtime-ubuntu.14.04,runtime-ubuntu.16.04,runtime-ubuntu.16.10,runtime-ubuntu.18.04,sdk-centos,sdk-debian,sdk-fedora.23,sdk-fedora.24,sdk-fedora.27,sdk-fedora.28,sdk-opensuse.13.2,sdk-opensuse.42.1,sdk-opensuse.42.3,sdk-ubuntu.14.04,sdk-ubuntu.16.04,sdk-ubuntu.16.10,sdk-ubuntu.18.04,checksums-runtime,checksums-sdk,security,lts-runtime,lts-sdk
3.0.0-preview3-27503-5,3.0.100-preview3-010431,3/6/2019,,,https://dotnetcli.blob.core.windows.net/dotnet/Runtime/3.0.0-preview3-27503-5/,https://dotnetcli.blob.core.windows.net/dotnet/Sdk/3.0.100-preview3-010431/,https://download.visualstudio.microsoft.com/download/pr/01cf5a3b-24a5-4de1-8a25-9b57583bd737/f27582e4520e14b7e9ab3f7f239e1e3c/dotnet-runtime-3.0.0-preview3-27503-5-linux-x64.tar.gz,https://download.visualstudio.microsoft.com/download/pr/4af9752c-5280-4594-a64d-f352ca5eb6bf/144f1f651ea56bd42eb124e9193531ad/dotnet-runtime-3.0.0-preview3-27503-5-osx-x64.tar.gz,https://download.visualstudio.microsoft.com/download/pr/7faa8235-56f2-4d50-a303-2510d58d498f/1faaefee406ce2a229a7afe340b378de/dotnet-runtime-3.0.0-preview3-27503-5-win-x86.zip,https://download.visualstudio.microsoft.com/download/pr/4fc551ff-0fbc-45ae-b35f-a8666ff1986f/0a6f2d0cf10379b47f6d55be5c31b95b/dotnet-runtime-3.0.0-preview3-27503-5-win-x64.zip,https://download.visualstudio.microsoft.com/download/pr/35c9c95a-535e-4f00-ace0-4e1686e33c6e/b9787e68747a7e8a2cf8cc530f4b2f88/dotnet-sdk-3.0.100-preview3-010431-linux-x64.tar.gz,https://download.visualstudio.microsoft.com/download/pr/b143a92e-d578-4cc8-98e9-643d21db2449/2d16596ab2eeae83e88cbd7371356687/dotnet-sdk-3.0.100-preview3-010431-osx-x64.tar.gz,https://download.visualstudio.microsoft.com/download/pr/6cb97702-11c3-4539-a096-000761a4ea5e/24ff3e39d069f895c026f2f90f3d7d02/dotnet-sdk-3.0.100-preview3-010431-win-x86.zip,https://download.visualstudio.microsoft.com/download/pr/14417e56-3f88-486d-8065-ef802653699b/30cfec0c5c4af7993e7ce83670fb279b/dotnet-sdk-3.0.100-preview3-010431-win-x64.zip,,,,,,,,,,,,,,,,,,,,,,,,,,,https://dotnetcli.blob.core.windows.net/dotnet/checksums/3.0.0-preview3-27503-5-runtime-sha.txt,https://dotnetcli.blob.core.windows.net/dotnet/checksums/3.0.100-preview-010184-sdk-sha.txt,FALSE,FALSE,FALSE
1.1.11,1.1.12,2/12/19,,,https://dotnetcli.blob.core.windows.net/dotnet/Runtime/1.0.11/,https://dotnetcli.blob.core.windows.net/dotnet/Sdk/1.1.12/,,https://download.visualstudio.microsoft.com/download/pr/a3418849-3fac-4c6d-a170-2f6e8b0a4639/91ba64ea0e4b003903d1240fd51a40f9/dotnet-osx-x64.1.1.11.tar.gz,https://download.visualstudio.microsoft.com/download/pr/c5a635f3-2234-4fb3-a7e4-1e2831898f1c/b210573eaa206aa8c4460c18d8e7b549/dotnet-win-x86.1.1.11.zip,https://download.visualstudio.microsoft.com/download/pr/0f63342c-d030-4ff4-a0ed-e2dda4a76606/0453cb61560044a4e250da5f8e9e012f/dotnet-win-x64.1.1.11.zip,,https://download.visualstudio.microsoft.com/download/pr/29ae1d6c-7fa5-4c1d-8422-296d3a2caf78/46279fdc51ebd3b2ece9ef2af52e0a2a/dotnet-dev-osx-x64.1.1.12.tar.gz,https://download.visualstudio.microsoft.com/download/pr/38e6233f-10ce-4607-9220-74e2fa8b07f5/247a2c16a3cb8d2aa8a110b17ebf6be3/dotnet-dev-win-x86.1.1.12.zip,https://download.visualstudio.microsoft.com/download/pr/8d6e2375-2ba7-4126-b5b7-3228004b7f41/b8894d02f002d2b77f72e6abb899c02e/dotnet-dev-win-x64.1.1.12.zip,https://download.visualstudio.microsoft.com/download/pr/dff4449f-59c0-47c3-9fbd-fee92af25363/c9732b96c6c81cc66e3aacd782a7eafb/dotnet-centos-x64.1.1.11.tar.gz,https://download.visualstudio.microsoft.com/download/pr/8543193c-3c50-4709-90d6-632e3c37ae2b/c8919995f8eda0b236d91459b3ab4f4b/dotnet-debian-x64.1.1.11.tar.gz,,,https://download.visualstudio.microsoft.com/download/pr/4597de53-759b-4acd-8620-7696bf3907be/f9db799e66151d0b5cd1e27d2d2259f4/dotnet-fedora.27-x64.1.1.11.tar.gz,https://download.visualstudio.microsoft.com/download/pr/8c8dd0e9-3869-46c6-a92d-d96c1f4e8abf/b9c4110cb9670d3993ce314db2e16659/dotnet-fedora.28-x64.1.1.11.tar.gz,,,https://download.visualstudio.microsoft.com/download/pr/7e44ca1a-f3f9-4b75-88df-c9227203af0f/eebc0332b07e58b85e14f6834b934f61/dotnet-opensuse.42.3-x64.1.1.11.tar.gz,https://download.visualstudio.microsoft.com/download/pr/8dc8c129-0fff-4f6e-9794-dace60b4d0ca/171b94583982ddbb5db52c4c101be0de/dotnet-ubuntu-x64.1.1.11.tar.gz,https://download.visualstudio.microsoft.com/download/pr/fea9884d-7f74-4b23-98c5-0c57b9ed7e92/c909109068c645e62b1218f2e8f90180/dotnet-ubuntu.16.04-x64.1.1.11.tar.gz,,https://download.visualstudio.microsoft.com/download/pr/b25b5650-0cb8-4699-a347-48d73650da0b/920966211e9bb1907232bbda1faa895a/dotnet-ubuntu.18.04-x64.1.1.11.tar.gz,https://download.visualstudio.microsoft.com/download/pr/09aedb07-8a94-46ff-a918-c6473515bf55/ca71af8d4eb09739a3c9a857a07a759c/dotnet-dev-centos-x64.1.1.12.tar.gz,https://download.visualstudio.microsoft.com/download/pr/1ef84426-c1d0-4e3b-86a4-7fce48baecb8/a47dbe0cd3bc1eefdabbf9354f60004b/dotnet-dev-debian-x64.1.1.12.tar.gz,,,https://download.visualstudio.microsoft.com/download/pr/39252331-fe25-4a60-93bf-ce539e845486/4460d21b02eb3192227ebf380fbf02c1/dotnet-dev-fedora.27-x64.1.1.12.tar.gz,https://download.visualstudio.microsoft.com/download/pr/bcf335f2-42de-4838-bf14-e0332c071133/e065915283c0c4e7d37f2f63c4db6d20/dotnet-dev-fedora.28-x64.1.1.12.tar.gz,,,https://download.visualstudio.microsoft.com/download/pr/fe9b139b-e498-4166-b338-46eadcccd750/6908d39118b5345a44f5a9e9136cbc41/dotnet-dev-opensuse.42.3-x64.1.1.12.tar.gz,https://download.visualstudio.microsoft.com/download/pr/bf80af6a-4d6f-42c0-963b-4b121168617a/b47616e8578d4add910c6f8a612ae2b3/dotnet-dev-ubuntu-x64.1.1.12.tar.gz,https://download.visualstudio.microsoft.com/download/pr/83fa051b-10fb-482c-9fc8-c010eebfb4be/477b619412116db67e9e74284ba6dee3/dotnet-dev-ubuntu.16.04-x64.1.1.12.tar.gz,,https://download.visualstudio.microsoft.com/download/pr/9154931b-2255-488f-8b06-a1d501dfc413/81cb4c1af6f42e0d2da959b70502a057/dotnet-dev-ubuntu.18.04-x64.1.1.12.tar.gz,https://dotnetcli.blob.core.windows.net/dotnet/checksums/1.0.11-runtime-sha.txt,https://dotnetcli.blob.core.windows.net/dotnet/checksums/1.1.12-sdk-sha.txt,TRUE,FALSE,FALSE
1.0.14,1.1.12,2/12/19,,,https://dotnetcli.blob.core.windows.net/dotnet/Runtime/1.0.14/,https://dotnetcli.blob.core.windows.net/dotnet/Sdk/1.1.12/,,https://download.visualstudio.microsoft.com/download/pr/b1ca4664-75db-447f-822d-8241076afd6d/38bfc95677b84ddf89b88076bc02e568/dotnet-osx-x64.1.0.14.tar.gz,https://download.visualstudio.microsoft.com/download/pr/07df6429-653d-40b6-8ca9-1ac057cb18f0/ece705a63186bf9178e2d558f98a1173/dotnet-win-x86.1.0.14.zip,https://download.visualstudio.microsoft.com/download/pr/69253d46-3c91-4da3-baaf-8d73aecbc9b4/c19486707ad2f64cc54c547dcec1f665/dotnet-win-x64.1.0.14.zip,,https://download.visualstudio.microsoft.com/download/pr/7e10916f-fee4-48af-9092-6b615c33fcb1/90d2ac564a9438263403a6d5f6591604/dotnet-dev-osx-x64.1.1.12.tar.gz,https://download.visualstudio.microsoft.com/download/pr/e9ac1c13-44b9-48ff-a607-ae7b888ad3b8/49bea32eca4b5d897bfc763f2176a3a9/dotnet-dev-win-x86.1.1.12.zip,https://download.visualstudio.microsoft.com/download/pr/cdb1d5fc-5bfb-466e-8339-226d57b3d111/3d29a36420acfd92990f5caec5371395/dotnet-dev-win-x64.1.1.12.zip,https://download.visualstudio.microsoft.com/download/pr/49f8157c-f170-4e0e-88ab-20170f9f5354/3fe0e777d5953e2919e7ca0a78c08737/dotnet-centos-x64.1.0.14.tar.gz,https://download.visualstudio.microsoft.com/download/pr/cf9005e0-2e04-45c5-95fb-617cd1cf23d2/7638479ba289bc6e78e7c4736216f106/dotnet-debian-x64.1.0.14.tar.gz,,,,,,,,https://download.visualstudio.microsoft.com/download/pr/1282329b-86c2-46d9-82aa-eeb6f5fdd135/e761a40a16f208c081467249c6a43a5b/dotnet-ubuntu-x64.1.0.14.tar.gz,https://download.visualstudio.microsoft.com/download/pr/c94db830-8ea2-4807-aca6-1fe9d24bdf5d/423d41f788a1ec4cc1d6fbbf1cde1cbf/dotnet-ubuntu.16.04-x64.1.0.14.tar.gz,,,https://download.visualstudio.microsoft.com/download/pr/7194a455-9b52-457a-8a59-15df325dd314/035a9b190cffb76b0447f4c0851b4501/dotnet-dev-centos-x64.1.1.12.tar.gz,https://download.visualstudio.microsoft.com/download/pr/f4f3687c-3f20-4280-9357-ffb18a607533/b41921e085d9f2c4cc6304b66d4497f7/dotnet-dev-debian-x64.1.1.12.tar.gz,,,,,,,,https://download.visualstudio.microsoft.com/download/pr/fa54b546-688e-48d3-a768-d91bfec434c8/f7e2dfb770983cbd673e0ab461de779b/dotnet-dev-ubuntu-x64.1.1.12.tar.gz,https://download.visualstudio.microsoft.com/download/pr/02e1b6f8-1fac-45b7-a23c-498a67b9a943/829bb9debbc78ccda8dbc2298ec2c942/dotnet-dev-ubuntu.16.04-x64.1.1.12.tar.gz,,,https://dotnetcli.blob.core.windows.net/dotnet/checksums/1.0.14-runtime-sha.txt,https://dotnetcli.blob.core.windows.net/dotnet/checksums/1.1.12-sdk-sha.txt,TRUE,FALSE,FALSE
2.1.8,2.1.504,2/12/19,,,https://dotnetcli.blob.core.windows.net/dotnet/Runtime/2.1.8/,https://dotnetcli.blob.core.windows.net/dotnet/Sdk/2.1.504/,https://download.visualstudio.microsoft.com/download/pr/eae50d35-ec30-4416-829a-36e8b5158f22/52d8370bea6e696cee4280bec0eda4bc/dotnet-runtime-2.1.8-linux-x64.tar.gz,https://download.visualstudio.microsoft.com/download/pr/492b8744-10e1-47da-8bb3-6878dc3eed3e/b830851d9937aa83525b2a6088f91db6/dotnet-runtime-2.1.8-osx-x64.pkg,https://download.visualstudio.microsoft.com/download/pr/80cf31e3-1835-4ad1-965d-4971589fe501/7c4bf547ee314069b2482b22dbc778e8/dotnet-runtime-2.1.8-win-x86.zip,https://download.visualstudio.microsoft.com/download/pr/9b5aa463-d86c-4f8c-8dbb-26e323021246/3b75b083359c97b79da538cf40b041a0/dotnet-runtime-2.1.8-win-x64.zip,https://download.visualstudio.microsoft.com/download/pr/b35cf035-09d9-444a-8f62-c972fd6f2be0/4068a391164715232bbf4477b349643f/dotnet-sdk-2.1.504-linux-x64.tar.gz,https://download.visualstudio.microsoft.com/download/pr/68152d1c-8ed5-4fc1-9894-8956c33fe4c8/73425e378edcfce4c8537c37a5ec7649/dotnet-sdk-2.1.504-osx-x64.tar.gz,https://download.visualstudio.microsoft.com/download/pr/52f4576e-d2d2-4b57-a5cd-6a8561b86b5f/ef765a8e9a2fa3ab55449e09eb5f513f/dotnet-sdk-2.1.504-win-x86.zip,https://download.visualstudio.microsoft.com/download/pr/88364f95-160b-4820-9a5b-1d00b619dee7/5021f130569e524eacc2e3a8e6933e62/dotnet-sdk-2.1.504-win-x64.zip,,,,,,,,,,,,,,,,,,,,,,,,,,,https://dotnetcli.blob.core.windows.net/dotnet/checksums/2.1.8-runtime-sha.txt,https://dotnetcli.blob.core.windows.net/dotnet/checksums/2.1.504-sdk-sha.txt,TRUE,TRUE,FALSE
2.2.2,2.2.104,2/12/19,,,https://dotnetcli.blob.core.windows.net/dotnet/Runtime/2.2.2/,https://dotnetcli.blob.core.windows.net/dotnet/Sdk/2.2.104/,https://download.visualstudio.microsoft.com/download/pr/97b97652-4f74-4866-b708-2e9b41064459/7c722daf1a80a89aa8c3dec9103c24fc/dotnet-runtime-2.2.2-linux-x64.tar.gz,https://download.visualstudio.microsoft.com/download/pr/d1f0dfb3-b6bd-42ae-895f-f149bf1d90ca/9b1fb91a9692fc31d6fc83e97caba4cd/dotnet-runtime-2.2.2-osx-x64.tar.gz,https://download.visualstudio.microsoft.com/download/pr/97b777ee-6b4e-4d26-9f73-6b33a99e0f67/93458d5a38d673757768eed2f6cec926/dotnet-runtime-2.2.2-win-x86.zip,https://download.visualstudio.microsoft.com/download/pr/b10d0a68-b720-48ae-bab8-4ac39bd1b5d3/f32b8b41dff5c1488c2b915a007fc4a6/dotnet-runtime-2.2.2-win-x64.zip,https://download.visualstudio.microsoft.com/download/pr/69937b49-a877-4ced-81e6-286620b390ab/8ab938cf6f5e83b2221630354160ef21/dotnet-sdk-2.2.104-linux-x64.tar.gz,https://download.visualstudio.microsoft.com/download/pr/7b61ec42-34d4-443a-9472-10db3b600b00/331956fdc0884ec01aaa5aa44360fce2/dotnet-sdk-2.2.104-osx-x64.tar.gz,https://download.visualstudio.microsoft.com/download/pr/59e18010-8e57-4073-add2-d2b5cfbc5e58/8fa6831c7be0800889324640e29476f4/dotnet-sdk-2.2.104-win-x86.zip,https://download.visualstudio.microsoft.com/download/pr/e7a3e196-1b15-45d4-8a4a-2f940cf8c3be/975a1ec833505505adf5b867990d441a/dotnet-sdk-2.2.104-win-x64.zip,,,,,,,,,,,,,,,,,,,,,,,,,,,https://dotnetcli.blob.core.windows.net/dotnet/checksums/2.2.2-runtime-sha.txt,https://dotnetcli.blob.core.windows.net/dotnet/checksums/2.2.104-sdk-sha.txt,TRUE,FALSE,FALSE
3.0.0-preview-27324-5,3.0.100-preview-010184,1/29/19,,,https://dotnetcli.blob.core.windows.net/dotnet/Runtime/3.0.0-preview-27324-5/,https://dotnetcli.blob.core.windows.net/dotnet/Sdk/3.0.100-preview-010184/,https://download.visualstudio.microsoft.com/download/pr/f29a6be7-72a1-493c-a047-f01c93e67b15/c40ce83a8f85432d4c8a019ea5a7a34f/dotnet-runtime-3.0.0-preview-27324-5-linux-x64.tar.gz,https://download.visualstudio.microsoft.com/download/pr/a3e75c91-9f50-4509-b525-eaf83da3e037/497a1ddf6739df041de49c01599378f4/dotnet-runtime-3.0.0-preview-27324-5-osx-x64.tar.gz,https://download.visualstudio.microsoft.com/download/pr/3d12d669-d0ec-47e5-abdf-7a836280510b/78f592341859c071ab92ce893f5be66b/dotnet-runtime-3.0.0-preview-27324-5-win-x86.zip,https://download.visualstudio.microsoft.com/download/pr/1abbe748-2565-422b-aae9-e127a138c2fb/ae4ddb0d6820f9f32374d85b352646dd/dotnet-runtime-3.0.0-preview-27324-5-win-x64.zip,https://download.visualstudio.microsoft.com/download/pr/efa6dde9-a5ee-4322-b13c-a2a02d3980f0/dad445eba341c1d806bae5c8afb47015/dotnet-sdk-3.0.100-preview-010184-linux-x64.tar.gz,https://download.visualstudio.microsoft.com/download/pr/e1cff8a8-9c60-4818-92c4-ac2ebe8fc47f/cce8dd19438ac62ff52d80fab7a61093/dotnet-sdk-3.0.100-preview-010184-osx-x64.tar.gz,https://download.visualstudio.microsoft.com/download/pr/760485de-7ad3-4cf7-aa48-1fd5aaf4f4f6/eb1e06460b5b061f6a61068fabeb28f8/dotnet-sdk-3.0.100-preview-010184-win-x86.zip,https://download.visualstudio.microsoft.com/download/pr/918c5936-1c58-4a6a-b738-0a9766ec6192/4f17576e7efe45c447a088adda08b2f9/dotnet-sdk-3.0.100-preview-010184-win-x64.zip,,,,,,,,,,,,,,,,,,,,,,,,,,,https://dotnetcli.blob.core.windows.net/dotnet/checksums/3.0.0-preview-27324-5-runtime-sha.txt,https://dotnetcli.blob.core.windows.net/dotnet/checksums/3.0.100-preview-010184-sdk-sha.txt,FALSE,FALSE,FALSE
2.2.1,2.2.103,1/16/19,,,https://dotnetcli.blob.core.windows.net/dotnet/Runtime/2.2.1/,https://dotnetcli.blob.core.windows.net/dotnet/Sdk/2.1.103/,https://download.visualstudio.microsoft.com/download/pr/372f18c3-f642-4b73-8255-40a87430a9bb/dd0b412220dc49868b0ba1c58252b6d0/dotnet-runtime-2.2.1-linux-x64.tar.gz,https://download.visualstudio.microsoft.com/download/pr/a524eeaa-dff9-4874-8753-50c46621ba52/30a95c310b7fd4e801417f58f9fb4562/dotnet-runtime-2.2.1-osx-x64.tar.gz,https://download.visualstudio.microsoft.com/download/pr/0319d1d8-88ca-4521-a060-1729ac2fe185/6cd6fadcbed713ff9f64191097920315/dotnet-runtime-2.2.1-win-x86.zip,https://download.visualstudio.microsoft.com/download/pr/16ccdfd9-b366-4a0c-9b56-a750ea66fd58/b2248c6bed9481c71cad09ed88ae92a0/dotnet-runtime-2.2.1-win-x64.zip,https://download.visualstudio.microsoft.com/download/pr/296e116b-30d7-4e1c-8238-ec8c7c4c7b79/43d6cd35d95e38675d472c56a24c3bd0/dotnet-sdk-2.2.103-linux-x64.tar.gz,https://download.visualstudio.microsoft.com/download/pr/7315b6a5-b535-4349-892a-7ec82b573724/f44f5f852f0ef4364cff9d00035a3987/dotnet-sdk-2.2.103-osx-x64.tar.gz,https://download.visualstudio.microsoft.com/download/pr/f2c86d9c-0e92-40a5-ae12-6b597db814ff/41e297c11b972e135a6afe20db27acd4/dotnet-sdk-2.2.103-win-x86.zip,https://download.visualstudio.microsoft.com/download/pr/c332d70f-6582-4471-96af-4b0c17a616ad/5f3043d4bc506bf91cb89fa90462bb58/dotnet-sdk-2.2.103-win-x64.zip,,,,,,,,,,,,,,,,,,,,,,,,,,,https://dotnetcli.blob.core.windows.net/dotnet/checksums/2.2.1-runtime-sha.txt,https://dotnetcli.blob.core.windows.net/dotnet/checksums/2.2.103-sdk-sha.txt,TRUE,FALSE,FALSE
3.0.0-preview-27122-01,3.0.100-preview-009812,12/4/18,,,https://dotnetcli.blob.core.windows.net/dotnet/Runtime/3.0.0-preview-27122-01/,https://dotnetcli.blob.core.windows.net/dotnet/Sdk/3.0.100-preview-009812/,https://download.visualstudio.microsoft.com/download/pr/e160137d-6724-4ac1-84a2-3c0630b8e45f/3c6b990513498b7007e646f383f57654/dotnet-runtime-3.0.0-preview-27122-01-linux-x64.tar.gz,https://download.visualstudio.microsoft.com/download/pr/08ffb245-632f-4bbb-8e5c-587f58a38bac/fc85e87e32b96c7836ed2e9fa70d266c/dotnet-runtime-3.0.0-preview-27122-01-osx-x64.tar.gz,https://download.visualstudio.microsoft.com/download/pr/2cc395c2-53dc-4724-b6ab-d5acfef08fef/8418fef4b81dc3d07084b2bbee14e943/dotnet-runtime-3.0.0-preview-27122-01-win-x86.zip,https://download.visualstudio.microsoft.com/download/pr/da8e8666-ee52-4f05-8752-f1ecfba0fd4b/cb2191b53928b593d11f52fcb54d5d5e/dotnet-runtime-3.0.0-preview-27122-01-win-x64.zip,https://download.visualstudio.microsoft.com/download/pr/9f071c35-36b4-48c9-bcc2-b381ecb6cada/5be4784f19c28cb58f8c79219347201a/dotnet-sdk-3.0.100-preview-009812-linux-x64.tar.gz,https://download.visualstudio.microsoft.com/download/pr/55dc08a2-c7e9-4ba4-8a46-3f0272f870f3/bac5328572e26ed2ef5f63fbbc1e4522/dotnet-sdk-3.0.100-preview-009812-osx-x64.tar.gz,https://download.visualstudio.microsoft.com/download/pr/8dbffd27-1acc-467d-b9fe-fb84332b8b2e/e34c8d63d88e4597e181ab6d2737e380/dotnet-sdk-3.0.100-preview-009812-win-x86.zip,https://download.visualstudio.microsoft.com/download/pr/453ffc14-c117-40b9-ba1a-077b6d457f0a/c34170b167165a6b15716ab86ce73c4e/dotnet-sdk-3.0.100-preview-009812-win-x64.zip,,,,,,,,,,,,,,,,,,,,,,,,,,,https://dotnetcli.blob.core.windows.net/dotnet/checksums/3.0.0-preview-27122-01-runtime-sha.txt,https://dotnetcli.blob.core.windows.net/dotnet/checksums/3.0.100-preview-009812-sdk-sha.txt,FALSE,FALSE,FALSE
2.2.0,2.2.100,12/4/18,,,https://dotnetcli.blob.core.windows.net/dotnet/Runtime/2.2.0/,https://dotnetcli.blob.core.windows.net/dotnet/Sdk/2.2.100/,https://download.visualstudio.microsoft.com/download/pr/1057e14e-16cc-410b-80a4-5c2420c8359c/004dc3ce8255475d4723de9a011ac513/dotnet-runtime-2.2.0-linux-x64.tar.gz,https://download.visualstudio.microsoft.com/download/pr/1d8682c5-f211-4724-9f6b-0d44eb1593d4/32d8ff5607122a05e2200fe0961cfc40/dotnet-runtime-2.2.0-osx-x64.tar.gz,https://download.visualstudio.microsoft.com/download/pr/ab4bbec2-ace5-487b-85fd-4ac897440040/23e50fbfc65d3b54aec21107eeb0a66d/dotnet-runtime-2.2.0-win-x86.zip,https://download.visualstudio.microsoft.com/download/pr/62711024-fa98-4919-9fe0-466744b20941/4cdef0431350a441b45e11784f657b09/dotnet-runtime-2.2.0-win-x64.zip,https://download.visualstudio.microsoft.com/download/pr/519eac6e-f2c9-49dd-a60d-02072ed8e5b3/aed96c5eee6a74a5cde2e3f1ad4c7121/dotnet-sdk-2.2.100-linux-x64.tar.gz,https://download.visualstudio.microsoft.com/download/pr/3100b00b-4e63-4d49-bd59-297931016032/b71d2aff0d650b5501258a54b0cd2ea7/dotnet-sdk-2.2.100-osx-x64.tar.gz,https://download.visualstudio.microsoft.com/download/pr/84beb25f-e3ad-4fde-b90d-907d499d3dfc/2cadffd93faaf3c6e5b9b8f8c1767180/dotnet-sdk-2.2.100-win-x86.zip,https://download.visualstudio.microsoft.com/download/pr/02a78e5a-3e7b-4d7e-a730-b46c9f551346/6dae57a34f649095d745acedb773d75f/dotnet-sdk-2.2.100-win-x64.zip,,,,,,,,,,,,,,,,,,,,,,,,,,,https://dotnetcli.blob.core.windows.net/dotnet/checksums/2.2.0-runtime-sha.txt,https://dotnetcli.blob.core.windows.net/dotnet/checksums/2.2.100-sdk-sha.txt,FALSE,FALSE,FALSE
2.1.6,2.1.500,11/13/18,,,https://dotnetcli.blob.core.windows.net/dotnet/Runtime/2.1.6/,https://dotnetcli.blob.core.windows.net/dotnet/Sdk/2.1.500/,https://download.visualstudio.microsoft.com/download/pr/5c1334bc-bd26-4232-a745-2728b36a2628/8e163216cdcec15332ebf2e5575962de/dotnet-runtime-2.1.6-linux-x64.tar.gz,https://download.visualstudio.microsoft.com/download/pr/26452190-8866-4e1c-8bd2-e4699d775555/befaa5544a34e875621b239281d662a5/dotnet-runtime-2.1.6-osx-x64.pkg,https://download.visualstudio.microsoft.com/download/pr/3ef3e42c-281d-43e2-969b-3f6aafef56f1/a13f4c966b0f499b8883f6e6f8b1765c/dotnet-runtime-2.1.6-win-x86.zip,https://download.visualstudio.microsoft.com/download/pr/3f6b6def-4e9a-4405-b21f-89f77d1605c4/52be50baa0e9bfa118fe6de80be89ab6/dotnet-runtime-2.1.6-win-x64.zip,https://download.visualstudio.microsoft.com/download/pr/e5eef3df-d2e3-429b-8204-f58372eb6263/20c825ddcc6062e93ff0c60e8354d3af/dotnet-sdk-2.1.500-linux-x64.tar.gz,https://download.visualstudio.microsoft.com/download/pr/901c2283-505d-408b-a7b0-01b5ee477783/ae5185f3fde13c7a62651608387a2a71/dotnet-sdk-2.1.500-osx-x64.tar.gz,https://download.visualstudio.microsoft.com/download/pr/f1e5fc51-e5f1-44d8-bd59-88b0aa849b3a/fbe1740c06c7fc87b8345c193a12bd59/dotnet-sdk-2.1.500-win-x86.zip,https://download.visualstudio.microsoft.com/download/pr/2a508a9d-91e8-4126-904c-f7a515f8a33b/24ff5fe2610ce1ce76370ed053b14094/dotnet-sdk-2.1.500-win-x64.zip,,,,,,,,,,,,,,,,,,,,,,,,,,,https://dotnetcli.blob.core.windows.net/dotnet/checksums/2.1.6-runtime-sha.txt,https://dotnetcli.blob.core.windows.net/dotnet/checksums/2.1.500-sdk-sha.txt,FALSE,TRUE,FALSE
2.2.0-preview3-27014-02,2.2.100-preview3-009430,10/17/18,,,https://dotnetcli.blob.core.windows.net/dotnet/Runtime/2.2.0-preview3-27014-02/,https://dotnetcli.blob.core.windows.net/dotnet/Sdk/2.2.100-preview3-009430/,https://download.visualstudio.microsoft.com/download/pr/364dcb5b-f035-4481-bcf5-bc0f75d0637d/70f1b51d2de91bd6ea5e8db0d9a519fd/dotnet-runtime-2.2.0-preview3-27014-02-linux-x64.tar.gz,https://download.visualstudio.microsoft.com/download/pr/cacb5977-5c9a-4fa2-ba1b-c5b6f38923be/a0957673006670cceaccc27a79cb3086/dotnet-runtime-2.2.0-preview3-27014-02-osx-x64.tar.gz,https://download.visualstudio.microsoft.com/download/pr/4ee16ab3-f96f-4cd8-af4c-0e7ffd4a242c/4b626d91f9dcedfadcd9425d99c10f08/dotnet-runtime-2.2.0-preview3-27014-02-win-x86.zip,https://download.visualstudio.microsoft.com/download/pr/4165a913-43a4-4068-90af-cf9d3827ffe7/a0547dae6a2b043fe91fc84a651176c5/dotnet-runtime-2.2.0-preview3-27014-02-win-x64.zip,https://download.visualstudio.microsoft.com/download/pr/e7cf8f5b-b0b4-4e22-b836-89af615ad13c/4583953b976cbe658c4c84f61624e8a9/dotnet-sdk-2.2.100-preview3-009430-linux-x64.tar.gz,https://download.visualstudio.microsoft.com/download/pr/b7b1b483-02d2-41e2-9d57-ad46c8f4614c/8113143d37a854ef79c0b77a7f275521/dotnet-sdk-2.2.100-preview3-009430-osx-x64.tar.gz,https://download.visualstudio.microsoft.com/download/pr/7ebe9266-5ea0-4615-9206-389acc341d6b/87a268592dc35d176fdc7686e7ce79d9/dotnet-sdk-2.2.100-preview3-009430-win-x86.zip,https://download.visualstudio.microsoft.com/download/pr/249a5f2b-d529-4c5e-9ac5-26e2ea635774/148355c93492da427dc7160774c3cd35/dotnet-sdk-2.2.100-preview3-009430-win-x64.zip,,,,,,,,,,,,,,,,,,,,,,,,,,,https://dotnetcli.blob.core.windows.net/dotnet/checksums/2.2.0-preview3-27014-02-runtime-sha.txt,https://dotnetcli.blob.core.windows.net/dotnet/checksums/2.2.100-preview3-009430-sdk-sha.txt,FALSE,FALSE,FALSE
1.1.10,1.1.11,10/9/18,,,https://dotnetcli.blob.core.windows.net/dotnet/Runtime/1.0.10/,https://dotnetcli.blob.core.windows.net/dotnet/Sdk/1.1.11/,,https://download.visualstudio.microsoft.com/download/pr/d6e2e0f4-36e4-4f02-bc9a-18554377cb1a/6024c1292306c11fbf879293329dec42/dotnet-osx-x64.1.1.10.tar.gz,https://download.visualstudio.microsoft.com/download/pr/2424cd3a-e84d-4e0b-bebf-57e0e52185ce/52b1b575a2dfb1731ede85fd4d3b7fcf/dotnet-win-x86.1.1.10.zip,https://download.visualstudio.microsoft.com/download/pr/2b67f7b6-3178-4405-98fa-529a0ee63ec7/e422f43e67412f1b2619dc297cd4da6a/dotnet-win-x64.1.1.10.zip,,https://download.visualstudio.microsoft.com/download/pr/15a05546-15df-488f-adcf-0e77e86dbefb/1f902e78cfea6209c387adce764a88bc/dotnet-dev-osx-x64.1.1.11.tar.gz,https://download.visualstudio.microsoft.com/download/pr/db408c7b-ef37-4374-b33b-a5b286adaa53/be0f0df977501c4df71ac3f04b9ce35e/dotnet-dev-win-x86.1.1.11.zip,https://download.visualstudio.microsoft.com/download/pr/a298f85a-bc4c-4019-842e-021e397e3437/5c95727dfe79b600834291a8983b9507/dotnet-dev-win-x64.1.1.11.zip,https://download.visualstudio.microsoft.com/download/pr/dcd0be0c-bcd7-44ba-a2b9-81a311a3cdb3/b0ca72ea9b995994d6e54ac242928ede/dotnet-centos-x64.1.1.10.tar.gz,https://download.visualstudio.microsoft.com/download/pr/8543193c-3c50-4709-90d6-632e3c37ae2b/c8919995f8eda0b236d91459b3ab4f4b/dotnet-debian-x64.1.1.10.tar.gz,,,https://download.visualstudio.microsoft.com/download/pr/24786c9f-d752-4d7d-9891-b4500507281f/147128999e7bb01117796de87c542516/dotnet-fedora.27-x64.1.1.10.tar.gz,https://download.visualstudio.microsoft.com/download/pr/a5c06c72-a6c1-4624-8ab6-ce2d5ec78e6a/6afd58fbd5aee8d97f3340f94eeecad0/dotnet-fedora.28-x64.1.1.10.tar.gz,,,https://download.visualstudio.microsoft.com/download/pr/c36cfeaa-2310-4b15-84eb-634e39cc67c4/f409e955512078bfd4424b44dbc6c05b/dotnet-opensuse.42.3-x64.1.1.10.tar.gz,https://download.visualstudio.microsoft.com/download/pr/e436ca0b-f286-4d5a-b07d-41855d4c1e83/f169eac4a2b1449055cc804a345f1413/dotnet-ubuntu-x64.1.1.10.tar.gz,https://download.visualstudio.microsoft.com/download/pr/6d8ce8f5-173b-471f-bf83-6d21b6f7924c/7e7b983ed52f1f0eb937bffb8d3ab1e2/dotnet-ubuntu.16.04-x64.1.1.10.tar.gz,,https://download.visualstudio.microsoft.com/download/pr/b25b5650-0cb8-4699-a347-48d73650da0b/920966211e9bb1907232bbda1faa895a/dotnet-ubuntu.18.04-x64.1.1.10.tar.gz,https://download.visualstudio.microsoft.com/download/pr/116bc57f-a6d6-474f-aca7-58c18fe0fac4/aa324344fc9c36623fb4a7c7e5bece0c/dotnet-dev-centos-x64.1.1.11.tar.gz,https://download.visualstudio.microsoft.com/download/pr/1ef84426-c1d0-4e3b-86a4-7fce48baecb8/a47dbe0cd3bc1eefdabbf9354f60004b/dotnet-dev-debian-x64.1.1.11.tar.gz,,,https://download.visualstudio.microsoft.com/download/pr/98eb7365-0ca8-4e29-b455-b165e583d0de/3a1da729266cb9b885f6747b376a0f7c/dotnet-dev-fedora.27-x64.1.1.11.tar.gz,https://download.visualstudio.microsoft.com/download/pr/b3e55604-5a36-412d-ada3-9a46bba55fd0/473cb6db3926c04b7598d750f1d30731/dotnet-dev-fedora.28-x64.1.1.11.tar.gz,,,https://download.visualstudio.microsoft.com/download/pr/3b5e416e-1359-4638-b1f3-e0ac378d3550/13ee9ae8dd5bdd11a11abe1934542920/dotnet-dev-opensuse.42.3-x64.1.1.11.tar.gz,https://download.visualstudio.microsoft.com/download/pr/c0957a2b-cac6-44d8-b1cc-0dad4420c825/8dc69e33f8cf44152fdf173d3bf0b746/dotnet-dev-ubuntu-x64.1.1.11.tar.gz,https://download.visualstudio.microsoft.com/download/pr/c9f432a7-11fd-48a8-adef-fa95bc24a9ad/85a7293b69d07d5ed678ea21f6082539/dotnet-dev-ubuntu.16.04-x64.1.1.11.tar.gz,,https://download.visualstudio.microsoft.com/download/pr/aeac042a-cfef-4064-b914-7419f13c20ae/be14353986c2fbb2259064bcd2cc522a/dotnet-dev-ubuntu.18.04-x64.1.1.11.tar.gz,https://dotnetcli.blob.core.windows.net/dotnet/checksums/1.0.10-runtime-sha.txt,https://dotnetcli.blob.core.windows.net/dotnet/checksums/1.1.11-sdk-sha.txt,TRUE,FALSE,FALSE
1.0.13,1.1.11,10/9/18,,,https://dotnetcli.blob.core.windows.net/dotnet/Runtime/1.0.13/,https://dotnetcli.blob.core.windows.net/dotnet/Sdk/1.1.11/,,https://download.visualstudio.microsoft.com/download/pr/e0c8ff7d-f5bc-45f0-91a6-d498ca19ecdb/5a4c140f88ee9411c8c3422bbd3c21fb/dotnet-osx-x64.1.0.13.tar.gz,https://download.visualstudio.microsoft.com/download/pr/bf245f8d-baac-40c1-8e71-cbbba707567a/1409618b28f28081543611fc6b3975b2/dotnet-win-x86.1.0.13.zip,https://download.visualstudio.microsoft.com/download/pr/9912c80e-d5cb-4444-ad0f-14c7d8be9934/6d84e4c1b52854fd3348b61a8f35390c/dotnet-win-x64.1.0.13.zip,,https://download.visualstudio.microsoft.com/download/pr/15a05546-15df-488f-adcf-0e77e86dbefb/1f902e78cfea6209c387adce764a88bc/dotnet-dev-osx-x64.1.1.11.tar.gz,https://download.visualstudio.microsoft.com/download/pr/db408c7b-ef37-4374-b33b-a5b286adaa53/be0f0df977501c4df71ac3f04b9ce35e/dotnet-dev-win-x86.1.1.11.zip,https://download.visualstudio.microsoft.com/download/pr/a298f85a-bc4c-4019-842e-021e397e3437/5c95727dfe79b600834291a8983b9507/dotnet-dev-win-x64.1.1.11.zip,https://download.visualstudio.microsoft.com/download/pr/239e6fa0-ad82-4536-a48e-655dd0ccab1a/89fcb7d66660bec8259c97cd1d554d88/dotnet-centos-x64.1.0.13.tar.gz,https://download.visualstudio.microsoft.com/download/pr/0459a9f3-c263-4086-b7e3-a846183f2132/c2f1813dd266658dd76628daba5806c3/dotnet-debian-x64.1.0.13.tar.gz,,,,,,,,https://download.visualstudio.microsoft.com/download/pr/9892faa7-c699-461d-afeb-dcd0869f544b/76cd9455b6623e390c4f61ca73d7701e/dotnet-ubuntu-x64.1.0.13.tar.gz,https://download.visualstudio.microsoft.com/download/pr/30bac15b-7bca-4aa5-8981-bd71e171f3b0/ee84e87162dd3e344609faec9802cbde/dotnet-ubuntu.16.04-x64.1.0.13.tar.gz,,,https://download.visualstudio.microsoft.com/download/pr/116bc57f-a6d6-474f-aca7-58c18fe0fac4/aa324344fc9c36623fb4a7c7e5bece0c/dotnet-dev-centos-x64.1.1.11.tar.gz,https://download.visualstudio.microsoft.com/download/pr/1ef84426-c1d0-4e3b-86a4-7fce48baecb8/a47dbe0cd3bc1eefdabbf9354f60004b/dotnet-dev-debian-x64.1.1.11.tar.gz,,,,,,,,https://download.visualstudio.microsoft.com/download/pr/c0957a2b-cac6-44d8-b1cc-0dad4420c825/8dc69e33f8cf44152fdf173d3bf0b746/dotnet-dev-ubuntu-x64.1.1.11.tar.gz,https://download.visualstudio.microsoft.com/download/pr/c9f432a7-11fd-48a8-adef-fa95bc24a9ad/85a7293b69d07d5ed678ea21f6082539/dotnet-dev-ubuntu.16.04-x64.1.1.11.tar.gz,,,https://dotnetcli.blob.core.windows.net/dotnet/checksums/1.0.13-runtime-sha.txt,https://dotnetcli.blob.core.windows.net/dotnet/checksums/1.1.11-sdk-sha.txt,TRUE,FALSE,FALSE
2.1.5,2.1.403,10/2/18,,,https://dotnetcli.blob.core.windows.net/dotnet/Runtime/2.1.5/,https://dotnetcli.blob.core.windows.net/dotnet/Sdk/2.1.403/,https://download.visualstudio.microsoft.com/download/pr/05a71d80-3e59-4f1f-8298-2697013e261c/be191f2f4f4db74c29030008ed3632f0/dotnet-runtime-2.1.5-linux-x64.tar.gz,https://download.visualstudio.microsoft.com/download/pr/b83df670-529a-4d28-b4f5-81c46d339ef9/6d23d425c2b0ffd9828c521dbf19ef63/dotnet-runtime-2.1.5-osx-x64.pkg,https://download.visualstudio.microsoft.com/download/pr/256f1cce-ad71-4ebe-ae45-5be6b7d4edb8/68f8caf678adde0af55266e955556c74/dotnet-runtime-2.1.5-win-x86.zip,https://download.visualstudio.microsoft.com/download/pr/ce443d89-75f1-4122-aaa8-c094a9017b4a/255b06ace4207a8ee923758160ed01c3/dotnet-runtime-2.1.5-win-x64.zip,https://download.visualstudio.microsoft.com/download/pr/e85de743-f80b-481b-b10e-d2e37f05a7ce/0bf3ff93417e19ad8d6b2d3ded84d664/dotnet-sdk-2.1.403-linux-x64.tar.gz,https://download.visualstudio.microsoft.com/download/pr/fcdaa140-a2a3-46cf-bab1-e211e7d070c8/9498335457a65063ec789e5532020cf7/dotnet-sdk-2.1.403-osx-x64.tar.gz,https://download.visualstudio.microsoft.com/download/pr/849dd909-5412-4b79-a66b-b173d462d0f2/a75544b6df62239374e77e78d9a5899f/dotnet-sdk-2.1.403-win-x86.zip,https://download.visualstudio.microsoft.com/download/pr/28820b2a-0aec-4c24-a271-a14bcb3e2686/5e0ad8ae32f1497e8d0cace2447b9e01/dotnet-sdk-2.1.403-win-x64.zip,,,,,,,,,,,,,,,,,,,,,,,,,,,https://dotnetcli.blob.core.windows.net/dotnet/checksums/2.1.5-runtime-sha.txt,https://dotnetcli.blob.core.windows.net/dotnet/checksums/2.1.403-sdk-sha.txt,FALSE,TRUE,FALSE
2.2.0-preview2-26905-02,2.2.100-preview2-009404,9/12/18,https://download.microsoft.com/download/5/B/A/5BA1012E-5112-45C2-8369-152B49A6AA3B/,https://download.microsoft.com/download/D/5/9/D593CD8F-04E7-425D-962C-86FF4C90B1DA/,https://dotnetcli.blob.core.windows.net/dotnet/Runtime/2.2.0-preview2-26905-02/,https://dotnetcli.blob.core.windows.net/dotnet/Sdk/2.2.100-preview2-009404/,dotnet-runtime-2.2.0-preview2-26905-02-linux-x64.tar.gz,dotnet-runtime-2.2.0-preview2-26905-02-osx-x64.tar.gz,dotnet-runtime-2.2.0-preview2-26905-02-win-x86.zip,dotnet-runtime-2.2.0-preview2-26905-02-win-x64.zip,dotnet-sdk-2.2.100-preview2-009404-linux-x64.tar.gz,dotnet-sdk-2.2.100-preview2-009404-osx-x64.tar.gz,dotnet-sdk-2.2.100-preview2-009404-win-x86.exe,dotnet-sdk-2.2.100-preview2-009404-win-x64.exe,,,,,,,,,,,,,,,,,,,,,,,,,,,https://dotnetcli.blob.core.windows.net/dotnet/checksums/2.2.0-preview2-runtime-sha.txt,https://dotnetcli.blob.core.windows.net/dotnet/checksums/2.2.100-preview2-sdk-sha.txt,FALSE,TRUE,FALSE
2.1.4,2.1.402,9/11/18,https://download.microsoft.com/download/A/7/8/A78F1D25-8D5C-4411-B544-C7D527296D5E/,https://download.microsoft.com/download/8/A/7/8A765126-50CA-4C6F-890B-19AE47961E4B/,https://dotnetcli.blob.core.windows.net/dotnet/Runtime/2.1.4/,https://dotnetcli.blob.core.windows.net/dotnet/Sdk/2.1.402/,dotnet-runtime-2.1.4-linux-x64.tar.gz,dotnet-runtime-2.1.4-osx-x64.pkg,dotnet-runtime-2.1.4-win-x86.zip,dotnet-runtime-2.1.4-win-x64.zip,dotnet-sdk-2.1.402-linux-x64.tar.gz,dotnet-sdk-2.1.402-osx-x64.tar.gz,dotnet-sdk-2.1.402-win-x86.zip,dotnet-sdk-2.1.402-win-x64.zip,,,,,,,,,,,,,,,,,,,,,,,,,,,https://dotnetcli.blob.core.windows.net/dotnet/checksums/2.1.4-runtime-sha.txt,https://dotnetcli.blob.core.windows.net/dotnet/checksums/2.1.402-sdk-sha.txt,TRUE,TRUE,FALSE
2.2.0-preview1-26820-02,2.2.100-preview1-009349,8/22/18,https://download.microsoft.com/download/1/9/F/19FEB118-A1D8-4B0E-B74C-D155FC5D297E/,https://download.microsoft.com/download/5/9/2/592E5073-8394-4A95-8F48-54080F0F1555/,https://dotnetcli.blob.core.windows.net/dotnet/Runtime/2.2.0-preview-26820-02/,https://dotnetcli.blob.core.windows.net/dotnet/Sdk/2.2.100-preview1-009349/,dotnet-runtime-2.2.0-preview-26820-02-linux-x64.tar.gz,dotnet-runtime-2.2.0-preview-26820-02-osx-x64.tar.gz,dotnet-runtime-2.2.0-preview-26820-02-win-x86.zip,dotnet-runtime-2.2.0-preview-26820-02-win-x64.zip,dotnet-sdk-2.2.100-preview1-009349-linux-x64.tar.gz,dotnet-sdk-2.2.100-preview1-009349-osx-x64.tar.gz,dotnet-sdk-2.2.100-preview1-009349-win-x86.exe,dotnet-sdk-2.2.100-preview1-009349-win-x64.exe,,,,,,,,,,,,,,,,,,,,,,,,,,,https://dotnetcli.blob.core.windows.net/dotnet/checksums/2.2.0-preview1-runtime-sha.txt,https://dotnetcli.blob.core.windows.net/dotnet/checksums/2.2.100-preview1-sdk-sha.txt,FALSE,TRUE,FALSE
2.1.3,2.1.401,8/21/18,https://download.microsoft.com/download/6/E/B/6EBD972D-2E2F-41EB-9668-F73F5FDDC09C/,https://download.microsoft.com/download/E/8/A/E8AF2EE0-5DDA-4420-A395-D1A50EEFD83E/,https://dotnetcli.blob.core.windows.net/dotnet/Runtime/2.1.3/,https://dotnetcli.blob.core.windows.net/dotnet/Sdk/2.1.401/,dotnet-runtime-2.1.3-linux-x64.tar.gz,dotnet-runtime-2.1.3-osx-x64.tar.gz,dotnet-runtime-2.1.3-win-x86.zip,dotnet-runtime-2.1.3-win-x64.zip,dotnet-sdk-2.1.401-linux-x64.tar.gz,dotnet-sdk-2.1.401-osx-x64.tar.gz,dotnet-sdk-2.1.401-win-x86.exe,dotnet-sdk-2.1.401-win-x64.exe,,,,,,,,,,,,,,,,,,,,,,,,,,,https://dotnetcli.blob.core.windows.net/dotnet/checksums/2.1.3-runtime-sha.txt,https://dotnetcli.blob.core.windows.net/dotnet/checksums/2.1.401-sdk-sha.txt,FALSE,TRUE,FALSE
2.1.2,2.1.400,8/14/18,https://download.microsoft.com/download/1/f/7/1f7755c5-934d-4638-b89f-1f4ffa5afe89/,https://download.microsoft.com/download/9/D/2/9D2354BE-778B-42D6-BA4F-3CEF489A4FDE/,https://dotnetcli.blob.core.windows.net/dotnet/Runtime/2.1.2/,https://dotnetcli.blob.core.windows.net/dotnet/Sdk/2.1.400/,dotnet-runtime-2.1.2-linux-x64.tar.gz,dotnet-runtime-2.1.2-osx-x64.pkg,dotnet-runtime-2.1.2-win-x86.zip,dotnet-runtime-2.1.2-win-x64.zip,dotnet-sdk-2.1.400-linux-x64.tar.gz,dotnet-sdk-2.1.400-osx-x64.tar.gz,dotnet-sdk-2.1.400-win-x86.zip,dotnet-sdk-2.1.400-win-x64.zip,,,,,,,,,,,,,,,,,,,,,,,,,,,https://dotnetcli.blob.core.windows.net/dotnet/checksums/2.1.2-runtime-sha.txt,https://dotnetcli.blob.core.windows.net/dotnet/checksums/2.1.400-sdk-sha.txt,TRUE,FALSE,FALSE
2.0.9,2.1.202,7/10/18,https://download.microsoft.com/download/3/a/3/3a3bda26-560d-4d8e-922e-6f6bc4553a84/,https://download.microsoft.com/download/f/c/1/fc16c864-b374-4668-83a2-f9f880928b2d/,https://dotnetcli.blob.core.windows.net/dotnet/Runtime/2.0.9/,https://dotnetcli.blob.core.windows.net/dotnet/Sdk/2.1.202/,dotnet-runtime-2.0.9-linux-x64.tar.gz,dotnet-runtime-2.0.9-osx-x64.tar.gz,dotnet-runtime-2.0.9-win-x86.zip,dotnet-runtime-2.0.9-win-x64.zip,dotnet-sdk-2.1.202-linux-x64.tar.gz,dotnet-sdk-2.1.202-osx-x64.tar.gz,dotnet-sdk-2.1.202-win-x86.exe,dotnet-sdk-2.1.202-win-x64.exe,,,,,,,,,,,,,,,,,,,,,,,,,,,https://dotnetcli.blob.core.windows.net/dotnet/checksums/2.0.9-runtime-sha.txt,https://dotnetcli.blob.core.windows.net/dotnet/checksums/2.1.202-sdk-sha.txt,TRUE,TRUE,FALSE
1.1.9,1.1.10,7/10/18,https://download.microsoft.com/download/3/7/f/37f3cf83-bed5-4ef1-bcd5-f24f7aef7c56/,https://download.microsoft.com/download/9/e/6/9e6e1700-f682-4e4c-9e02-583f102cb048/,https://dotnetcli.blob.core.windows.net/dotnet/Runtime/1.1.9/,https://dotnetcli.blob.core.windows.net/dotnet/Sdk/1.1.10/,,dotnet-osx-x64.1.1.9.tar.gz,dotnet-win-x86.1.1.9.zip,dotnet-win-x64.1.1.9.zip,,dotnet-dev-osx-x64.1.1.10.tar.gz,dotnet-dev-win-x86.1.1.10.zip,dotnet-dev-win-x64.1.1.10.zip,dotnet-centos-x64.1.1.9.tar.gz,dotnet-debian-x64.1.1.9.tar.gz,,dotnet-fedora.24-x64.1.1.9.tar.gz,,,,dotnet-opensuse.42.1-x64.1.1.9.tar.gz,,dotnet-ubuntu-x64.1.1.9.tar.gz,dotnet-ubuntu.16.04-x64.1.1.9.tar.gz,,,dotnet-dev-centos-x64.1.1.10.tar.gz,dotnet-dev-debian-x64.1.1.10.tar.gz,,dotnet-dev-fedora.24-x64.1.1.10.tar.gz,,,,dotnet-dev-opensuse.42.1-x64.1.1.10.tar.gz,,dotnet-dev-ubuntu-x64.1.1.10.tar.gz,dotnet-dev-ubuntu.16.04-x64.1.1.10.tar.gz,,,https://dotnetcli.blob.core.windows.net/dotnet/checksums/1.1.9-runtime-sha.txt,https://dotnetcli.blob.core.windows.net/dotnet/checksums/1.1.10-sdk-sha.txt,TRUE,FALSE,FALSE
1.0.12,1.1.10,7/10/18,https://download.microsoft.com/download/0/f/1/0f1a7818-dae3-437f-a063-3cc62b840927/,https://download.microsoft.com/download/9/e/6/9e6e1700-f682-4e4c-9e02-583f102cb048/,https://dotnetcli.blob.core.windows.net/dotnet/Runtime/1.0.12/,https://dotnetcli.blob.core.windows.net/dotnet/Sdk/1.1.10/,,dotnet-osx-x64.1.0.12.tar.gz,dotnet-win-x86.1.0.12.zip,dotnet-win-x64.1.0.12.zip,,dotnet-dev-osx-x64.1.1.10.tar.gz,dotnet-dev-win-x86.1.1.10.zip,dotnet-dev-win-x64.1.1.10.zip,dotnet-centos-x64.1.0.12.tar.gz,dotnet-debian-x64.1.0.12.tar.gz,dotnet-fedora.24-x64.1.0.12.tar.gz,,,,,,,dotnet-ubuntu-x64.1.0.12.tar.gz,dotnet-ubuntu.16.04-x64.1.0.12.tar.gz,,,dotnet-dev-centos-x64.1.1.10.tar.gz,dotnet-dev-debian-x64.1.1.10.tar.gz,dotnet-dev-fedora.24-x64.1.1.10.tar.gz,,,,,,,dotnet-dev-ubuntu-x64.1.1.10.tar.gz,dotnet-dev-ubuntu.16.04-x64.1.1.10.tar.gz,,,https://dotnetcli.blob.core.windows.net/dotnet/checksums/1.0.12-runtime-sha.txt,https://dotnetcli.blob.core.windows.net/dotnet/checksums/1.1.10-sdk-sha.txt,TRUE,FALSE,FALSE
2.1.2,2.1.302,7/10/18,https://download.microsoft.com/download/1/f/7/1f7755c5-934d-4638-b89f-1f4ffa5afe89/,https://download.microsoft.com/download/4/0/9/40920432-3302-47a8-b13c-bbc4848ad114/,https://dotnetcli.blob.core.windows.net/dotnet/Runtime/2.1.2/,https://dotnetcli.blob.core.windows.net/dotnet/Sdk/2.1.302/,dotnet-runtime-2.1.2-linux-x64.tar.gz,dotnet-runtime-2.1.2-osx-x64.pkg,dotnet-runtime-2.1.2-win-x86.zip,dotnet-runtime-2.1.2-win-x64.zip,dotnet-sdk-2.1.302-linux-x64.tar.gz,dotnet-sdk-2.1.302-osx-x64.tar.gz,dotnet-sdk-2.1.302-win-x86.zip,dotnet-sdk-2.1.302-win-x64.zip,,,,,,,,,,,,,,,,,,,,,,,,,,,https://dotnetcli.blob.core.windows.net/dotnet/checksums/2.1.2-runtime-sha.txt,https://dotnetcli.blob.core.windows.net/dotnet/checksums/2.1.302-sdk-sha.txt,TRUE,FALSE,FALSE
2.1.1,2.1.301,6/19/18,https://download.microsoft.com/download/9/3/E/93ED35C8-57B9-4D50-AE32-0330111B38E8/,https://download.microsoft.com/download/D/0/4/D04C5489-278D-4C11-9BD3-6128472A7626/,https://dotnetcli.blob.core.windows.net/dotnet/Runtime/2.1.1/,https://dotnetcli.blob.core.windows.net/dotnet/Sdk/2.1.301/,dotnet-runtime-2.1.1-linux-x64.tar.gz,dotnet-runtime-2.1.1-osx-x64.pkg,dotnet-runtime-2.1.1-win-x86.zip,dotnet-runtime-2.1.1-win-x64.zip,dotnet-sdk-2.1.301-linux-x64.tar.gz,dotnet-sdk-2.1.301-osx-x64.tar.gz,dotnet-sdk-2.1.301-win-x86.zip,dotnet-sdk-2.1.301-win-x64.zip,,,,,,,,,,,,,,,,,,,,,,,,,,,https://dotnetcli.blob.core.windows.net/dotnet/checksums/2.1.1-runtime-sha.txt,https://dotnetcli.blob.core.windows.net/dotnet/checksums/2.1.301-sdk-sha.txt,FALSE,FALSE,FALSE
2.1.0,2.1.300,5/30/18,https://download.microsoft.com/download/9/1/7/917308D9-6C92-4DA5-B4B1-B4A19451E2D2/,https://download.microsoft.com/download/8/8/5/88544F33-836A-49A5-8B67-451C24709A8F/,https://dotnetcli.blob.core.windows.net/dotnet/Runtime/2.1.0/,https://dotnetcli.blob.core.windows.net/dotnet/Sdk/2.1.300/,dotnet-runtime-2.1.0-linux-x64.tar.gz,dotnet-runtime-2.1.0-osx-x64.pkg,dotnet-runtime-2.1.0-win-x86.zip,dotnet-runtime-2.1.0-win-x64.zip,dotnet-sdk-2.1.300-linux-x64.tar.gz,dotnet-sdk-2.1.300-osx-x64.tar.gz,dotnet-sdk-2.1.300-win-x86.zip,dotnet-sdk-2.1.300-win-x64.zip,,,,,,,,,,,,,,,,,,,,,,,,,,,https://dotnetcli.blob.core.windows.net/dotnet/checksums/2.1-runtime-sha.txt,https://dotnetcli.blob.core.windows.net/dotnet/checksums/2.1-sdk-sha.txt,FALSE,FALSE,FALSE
2.0.7,2.1.200,5/8/18,https://download.microsoft.com/download/A/9/F/A9F8872C-48B2-41DB-8AAD-D5908D988592/,https://download.microsoft.com/download/3/7/1/37189942-C91D-46E9-907B-CF2B2DE584C7/,https://dotnetcli.blob.core.windows.net/dotnet/Runtime/2.0.7/,https://dotnetcli.blob.core.windows.net/dotnet/Sdk/2.1.200/,dotnet-runtime-2.0.7-linux-x64.tar.gz,dotnet-runtime-2.0.7-osx-x64.tar.gz,dotnet-runtime-2.0.7-win-x86.zip,dotnet-runtime-2.0.7-win-x64.zip,dotnet-sdk-2.1.200-linux-x64.tar.gz,dotnet-sdk-2.1.200-osx-x64.tar.gz,dotnet-sdk-2.1.200-win-x86.exe,dotnet-sdk-2.1.200-win-x64.exe,,,,,,,,,,,,,,,,,,,,,,,,,,,https://dotnetcli.blob.core.windows.net/dotnet/checksums/2.0.7-runtime-sha.txt,https://dotnetcli.blob.core.windows.net/dotnet/checksums/2.1.200-sdk-sha.txt,TRUE,TRUE,FALSE
2.1.0-rc1,2.1.0-rc1,5/7/18,https://download.microsoft.com/download/D/0/B/D0B7F62D-9C5D-4CF3-AB6C-88F56B4FC1A9/,https://download.microsoft.com/download/B/1/9/B19A2F87-F00F-420C-B4B9-A0BA4403F754/,https://dotnetcli.blob.core.windows.net/dotnet/Runtime/2.1.0-rc1/,https://dotnetcli.blob.core.windows.net/dotnet/Sdk/2.1.300-rc1-008673/,dotnet-runtime-2.1.0-rc1-linux-x64.tar.gz,dotnet-runtime-2.1.0-rc1-osx-x64.tar.gz,dotnet-runtime-2.1.0-rc1-win-x86.zip,dotnet-runtime-2.1.0-rc1-win-x64.zip,dotnet-sdk-2.1.300-rc1-008673-linux-x64.tar.gz,dotnet-sdk-2.1.300-rc1-008673-osx-x64.tar.gz,dotnet-sdk-2.1.300-rc1-008673-win-x86.zip,dotnet-sdk-2.1.300-rc1-008673-win-x64.zip,,,,,,,,,,,,,,,,,,,,,,,,,,,https://dotnetcli.blob.core.windows.net/dotnet/checksums/2.1-RC1-Runtime-SHA.txt,https://dotnetcli.blob.core.windows.net/dotnet/checksums/2.1-RC1-SDK-SHA.txt,FALSE,FALSE,FALSE
2.0.7,2.1.105,4/17/18,https://download.microsoft.com/download/A/9/F/A9F8872C-48B2-41DB-8AAD-D5908D988592/,https://download.microsoft.com/download/2/E/C/2EC018A0-A0FC-40A2-849D-AA692F68349E/,https://dotnetcli.blob.core.windows.net/dotnet/Runtime/2.0.7/,https://dotnetcli.blob.core.windows.net/dotnet/Sdk/2.1.105/,dotnet-runtime-2.0.7-linux-x64.tar.gz,dotnet-runtime-2.0.7-osx-x64.tar.gz,dotnet-runtime-2.0.7-win-x86.zip,dotnet-runtime-2.0.7-win-x64.zip,dotnet-sdk-2.1.105-linux-x64.tar.gz,dotnet-sdk-2.1.105-osx-x64.tar.gz,dotnet-sdk-2.0.7-win-x86.zip,dotnet-sdk-2.0.7-win-x64.zip,,,,,,,,,,,,,,,,,,,,,,,,,,,https://dotnetcli.blob.core.windows.net/dotnet/checksums/2.0.7-runtime-sha.txt,https://dotnetcli.blob.core.windows.net/dotnet/checksums/2.1.105-sdk-sha.txt,FALSE,TRUE,FALSE
1.1.8,1.1.9,4/17/18,https://download.microsoft.com/download/1/B/8/1B80E25B-316E-4DFB-9707-DB758681F175/,https://download.microsoft.com/download/4/0/2/4022CFC7-5061-4762-B9BA-48B35632572D/,https://dotnetcli.blob.core.windows.net/dotnet/Runtime/1.1.8/,https://dotnetcli.blob.core.windows.net/dotnet/Sdk/1.1.9/,,dotnet-osx-x64.1.1.8.tar.gz,dotnet-win-x86.1.1.8.zip,dotnet-win-x64.1.1.8.zip,,dotnet-dev-osx-x64.1.1.9.tar.gz,dotnet-dev-win-x86.1.1.9.zip,dotnet-dev-win-x64.1.1.9.zip,dotnet-centos-x64.1.1.8.tar.gz,dotnet-debian-x64.1.1.8.tar.gz,,dotnet-fedora.24-x64.1.1.8.tar.gz,,,,dotnet-opensuse.42.1-x64.1.1.8.tar.gz,,dotnet-ubuntu-x64.1.1.8.tar.gz,dotnet-ubuntu.16.04-x64.1.1.8.tar.gz,,,dotnet-dev-centos-x64.1.1.9.tar.gz,dotnet-dev-debian-x64.1.1.9.tar.gz,,dotnet-dev-fedora.24-x64.1.1.9.tar.gz,,,,dotnet-dev-opensuse.42.1-x64.1.1.9.tar.gz,,dotnet-dev-ubuntu-x64.1.1.9.tar.gz,dotnet-dev-ubuntu.16.04-x64.1.1.9.tar.gz,,,https://dotnetcli.blob.core.windows.net/dotnet/checksums/1.1.8-runtime-sha.txt,https://dotnetcli.blob.core.windows.net/dotnet/checksums/1.1.9-sdk-sha.txt,FALSE,FALSE,FALSE
1.0.11,1.1.9,4/17/18,https://download.microsoft.com/download/B/E/7/BE70BFBD-9AB4-48F8-A696-013ACA8720D5/,https://download.microsoft.com/download/4/0/2/4022CFC7-5061-4762-B9BA-48B35632572D/,https://dotnetcli.blob.core.windows.net/dotnet/Runtime/1.0.11/,https://dotnetcli.blob.core.windows.net/dotnet/Sdk/1.1.9/,,dotnet-osx-x64.1.0.11.tar.gz,dotnet-win-x86.1.0.11.zip,dotnet-win-x64.1.0.11.zip,,dotnet-dev-osx-x64.1.1.9.tar.gz,dotnet-dev-win-x86.1.1.9.zip,dotnet-dev-win-x64.1.1.9.zip,dotnet-centos-x64.1.0.11.tar.gz,dotnet-debian-x64.1.0.11.tar.gz,dotnet-fedora.24-x64.1.0.11.tar.gz,,,,,,,dotnet-ubuntu-x64.1.0.11.tar.gz,dotnet-ubuntu.16.04-x64.1.0.11.tar.gz,,,dotnet-dev-centos-x64.1.1.9.tar.gz,dotnet-dev-debian-x64.1.1.9.tar.gz,dotnet-dev-fedora.24-x64.1.1.9.tar.gz,,,,,,,dotnet-dev-ubuntu-x64.1.1.9.tar.gz,dotnet-dev-ubuntu.16.04-x64.1.1.9.tar.gz,,,https://dotnetcli.blob.core.windows.net/dotnet/checksums/1.0.11-runtime-sha.txt,https://dotnetcli.blob.core.windows.net/dotnet/checksums/1.1.9-sdk-sha.txt,FALSE,FALSE,FALSE
2.1.0-preview2,2.1.0-preview2,4/10/18,https://download.microsoft.com/download/9/0/F/90F8F18D-CD21-4A79-ACDC-AF4CB95F490C/,https://download.microsoft.com/download/3/7/C/37C0D2E3-2056-4F9A-A67C-14DEFBD70F06/,https://dotnetcli.blob.core.windows.net/dotnet/Runtime/2.1.0-preview2-26406-04/,https://dotnetcli.blob.core.windows.net/dotnet /Sdk/2.1.300-preview2-008533/,dotnet-runtime-2.1.0-preview2-26406-04-linux-x64.tar.gz,dotnet-runtime-2.1.0-preview2-26406-04-osx-x64.tar.gz,dotnet-runtime-2.1.0-preview2-26406-04-win-x86.zip,dotnet-runtime-2.1.0-preview2-26406-04-win-x64.zip,dotnet-sdk-2.1.300-preview2-008533-linux-x64.tar.gz,dotnet-sdk-2.1.300-preview2-008533-osx-x64.tar.gz,dotnet-sdk-2.1.300-preview2-008533-win-x86.zip,dotnet-sdk-2.1.300-preview2-008533-win-x64.zip,,,,,,,,,,,,,,,,,,,,,,,,,,,https://dotnetcli.blob.core.windows.net/dotnet/checksums/2.1.0-preview2-26406-04-runtime-sha.txt,https://dotnetcli.blob.core.windows.net/dotnet/checksums/2.1.300-preview2-008533-sdk-sha.txt,FALSE,FALSE,FALSE
2.0.6,2.1.101,3/13/18,https://download.microsoft.com/download/8/D/A/8DA04DA7-565B-4372-BBCE-D44C7809A467/,https://download.microsoft.com/download/D/C/F/DCFA73BE-93CE-4DA0-AB76-98972FD6E475/,https://dotnetcli.blob.core.windows.net/dotnet/Runtime/2.0.6/,https://dotnetcli.blob.core.windows.net/dotnet/Sdk/2.1.101/,dotnet-runtime-2.0.6-linux-x64.tar.gz,dotnet-runtime-2.0.6-osx-x64.tar.gz,dotnet-runtime-2.0.6-win-x86.zip,dotnet-runtime-2.0.6-win-x64.zip,dotnet-sdk-2.1.101-linux-x64.tar.gz,dotnet-sdk-2.1.101-osx-x64.tar.gz,dotnet-sdk-2.0.6-win-x86.zip,dotnet-sdk-2.0.6-win-x64.zip,,,,,,,,,,,,,,,,,,,,,,,,,,,https://dotnetcli.blob.core.windows.net/dotnet/checksums/2.0.6-runtime-sha.txt,https://dotnetcli.blob.core.windows.net/dotnet/checksums/2.1.101-sdk-sha.txt,TRUE,TRUE,FALSE
1.1.7,1.1.8,3/13/18,https://download.microsoft.com/download/1/4/1/1416E22E-A1C5-48E3-81EF-AFE86CDA9C78/,https://download.microsoft.com/download/6/5/F/65F1653E-F835-4DE3-BB36-F324D3925F32/,https://dotnetcli.blob.core.windows.net/dotnet/Runtime/1.1.7/,https://dotnetcli.blob.core.windows.net/dotnet/Sdk/1.1.8/,,dotnet-osx-x64.1.1.7.tar.gz,dotnet-win-x86.1.1.7.zip,dotnet-win-x64.1.1.7.zip,,dotnet-dev-osx-x64.1.1.8.tar.gz,dotnet-dev-win-x86.1.1.8.zip,dotnet-dev-win-x64.1.1.8.zip,dotnet-centos-x64.1.1.7.tar.gz,dotnet-debian-x64.1.1.7.tar.gz,,dotnet-fedora.24-x64.1.1.7.tar.gz,,,,dotnet-opensuse.42.1-x64.1.1.7.tar.gz,,dotnet-ubuntu-x64.1.1.7.tar.gz,dotnet-ubuntu.16.04-x64.1.1.7.tar.gz,,,dotnet-dev-centos-x64.1.1.8.tar.gz,dotnet-dev-debian-x64.1.1.8.tar.gz,,dotnet-dev-fedora.24-x64.1.1.8.tar.gz,,,,dotnet-dev-opensuse.42.1-x64.1.1.8.tar.gz,,dotnet-dev-ubuntu-x64.1.1.8.tar.gz,dotnet-dev-ubuntu.16.04-x64.1.1.8.tar.gz,,,https://dotnetcli.blob.core.windows.net/dotnet/checksums/1.1.7-runtime-sha.txt,https://dotnetcli.blob.core.windows.net/dotnet/checksums/1.1.8-sdk-sha.txt,TRUE,FALSE,FALSE
1.0.10,1.1.8,3/13/18,https://download.microsoft.com/download/2/E/1/2E1D70C2-F74D-4024-B14D-3F30330450A8/,https://download.microsoft.com/download/6/5/F/65F1653E-F835-4DE3-BB36-F324D3925F32/,https://dotnetcli.blob.core.windows.net/dotnet/Runtime/1.0.10/,https://dotnetcli.blob.core.windows.net/dotnet/Sdk/1.1.8/,,dotnet-osx-x64.1.0.10.tar.gz,dotnet-win-x86.1.0.10.zip,dotnet-win-x64.1.0.10.zip,,dotnet-dev-osx-x64.1.1.8.tar.gz,dotnet-dev-win-x86.1.1.8.zip,dotnet-dev-win-x64.1.1.8.zip,dotnet-centos-x64.1.0.10.tar.gz,dotnet-debian-x64.1.0.10.tar.gz,dotnet-fedora.24-x64.1.0.10.tar.gz,,,,,,,dotnet-ubuntu-x64.1.0.10.tar.gz,dotnet-ubuntu.16.04-x64.1.0.10.tar.gz,,,dotnet-dev-centos-x64.1.1.8.tar.gz,dotnet-dev-debian-x64.1.1.8.tar.gz,dotnet-dev-fedora.24-x64.1.1.8.tar.gz,,,,,,,dotnet-dev-ubuntu-x64.1.1.8.tar.gz,dotnet-dev-ubuntu.16.04-x64.1.1.8.tar.gz,,,https://dotnetcli.blob.core.windows.net/dotnet/checksums/1.0.10-runtime-sha.txt,https://dotnetcli.blob.core.windows.net/dotnet/checksums/1.1.8-sdk-sha.txt,TRUE,FALSE,FALSE
2.1.0-preview1,2.1.0-preview1,2/27/18,https://download.microsoft.com/download/A/B/1/AB1AA972-8F2F-43AD-9A81-72E9245CB0F5/,https://download.microsoft.com/download/D/7/8/D788D3CD-44C4-487D-829B-413E914FB1C3/,https://dotnetcli.blob.core.windows.net/dotnet/Runtime/2.1.0-preview1-26216-03/,https://dotnetcli.blob.core.windows.net/dotnet /Sdk/2.1.300-preview1-008174/,dotnet-runtime-2.1.0-preview1-26216-03-linux-x64.tar.gz,dotnet-runtime-2.1.0-preview1-26216-03-osx-x64.tar.gz,dotnet-runtime-2.1.0-preview1-26216-03-win-x86.zip,dotnet-runtime-2.1.0-preview1-26216-03-win-x64.zip,dotnet-sdk-2.1.300-preview1-008174-linux-x64.tar.gz,dotnet-sdk-2.1.300-preview1-008174-osx-x64.tar.gz,dotnet-sdk-2.1.300-preview1-008174-win-x86.zip,dotnet-sdk-2.1.300-preview1-008174-win-x64.zip,,,,,,,,,,,,,,,,,,,,,,,,,,,https://dotnetcli.blob.core.windows.net/dotnet/checksums/2.1-preview1-runtime-sha.txt,https://dotnetcli.blob.core.windows.net/dotnet/checksums/2.1-preview1-sdk-sha.txt,FALSE,FALSE,FALSE
2.0.5,2.1.4,12/4/17,https://download.microsoft.com/download/1/1/0/11046135-4207-40D3-A795-13ECEA741B32/,https://download.microsoft.com/download/1/1/5/115B762D-2B41-4AF3-9A63-92D9680B9409/,https://dotnetcli.blob.core.windows.net/dotnet/Runtime/2.0.5/,https://dotnetcli.blob.core.windows.net/dotnet/Sdk/2.1.4/,dotnet-runtime-2.0.5-linux-x64.tar.gz,dotnet-runtime-2.0.5-osx-x64.tar.gz,dotnet-runtime-2.0.5-win-x86.zip,dotnet-runtime-2.0.5-win-x64.zip,dotnet-sdk-2.1.4-linux-x64.tar.gz,dotnet-sdk-2.1.4-osx-x64.tar.gz,dotnet-sdk-2.0.5-win-x86.zip,dotnet-sdk-2.0.5-win-x64.zip,,,,,,,,,,,,,,,,,,,,,,,,,,,https://dotnetcli.blob.core.windows.net/dotnet/checksums/2.0.5-runtime-sha.txt,https://dotnetcli.blob.core.windows.net/dotnet/checksums/2.1.4-sdk-sha.txt,TRUE,TRUE,FALSE
2.0.3,2.1.2,12/4/17,https://download.microsoft.com/download/5/C/1/5C190037-632B-443D-842D-39085F02E1E8/,https://download.microsoft.com/download/5/D/F/5DF4B836-7DFD-4CCF-AC96-101E2A4C7421/,https://dotnetcli.blob.core.windows.net/dotnet/Runtime/2.0.3/,https://dotnetcli.blob.core.windows.net/dotnet/Sdk/2.1.2/,dotnet-runtime-2.0.3-linux-x64.tar.gz,dotnet-runtime-2.0.3-osx-x64.tar.gz,dotnet-runtime-2.0.3-win-x86.zip,dotnet-runtime-2.0.3-win-x64.zip,dotnet-sdk-2.1.2-linux-x64.tar.gz,dotnet-sdk-2.1.2`-osx-x64.tar.gz,dotnet-sdk-2.0.3-win-x86.zip,dotnet-sdk-2.0.3-win-x64.zip,,,,,,,,,,,,,,,,,,,,,,,,,,,https://dotnetcli.blob.core.windows.net/dotnet/checksums/2.0.3-runtime-sha.txt,https://dotnetcli.blob.core.windows.net/dotnet/checksums/2.1.2-sdk-sha.txt,FALSE,FALSE,FALSE
2.0.3,2.0.3,11/14/17,https://download.microsoft.com/download/5/C/1/5C190037-632B-443D-842D-39085F02E1E8/,http://download.microsoft.com/download/D/7/2/D725E47F-A4F1-4285-8935-A91AE2FCC06A/,https://dotnetcli.blob.core.windows.net/dotnet/Runtime/2.0.3/,https://dotnetcli.blob.core.windows.net/dotnet/Sdk/2.0.3/,dotnet-runtime-2.0.3-linux-x64.tar.gz,dotnet-runtime-2.0.3-osx-x64.tar.gz,dotnet-runtime-2.0.3-win-x86.zip,dotnet-runtime-2.0.3-win-x64.zip,dotnet-sdk-2.0.3-linux-x64.tar.gz,dotnet-sdk-2.0.3-osx-x64.tar.gz,dotnet-sdk-2.0.3-win-x86.zip,dotnet-sdk-2.0.3-win-x64.zip,,,,,,,,,,,,,,,,,,,,,,,,,,,https://dotnetcli.blob.core.windows.net/dotnet/checksums/2.0.3-runtime-sha.txt,https://dotnetcli.blob.core.windows.net/dotnet/checksums/2.0.3-sdk-sha.txt,TRUE,FALSE,FALSE
1.1.6,1.1.7,11/14/17,https://download.microsoft.com/download/A/7/E/A7EF2AFF-F77B-4F77-A21B-0F7BD09A4065/,https://download.microsoft.com/download/4/E/6/4E64A465-F02E-43AD-9A86-A08A223A82C3/,https://dotnetcli.blob.core.windows.net/dotnet/Runtime/1.1.6/,https://dotnetcli.blob.core.windows.net/dotnet/Sdk/1.1.7/,,dotnet-osx-x64.1.1.6.tar.gz,dotnet-win-x86.1.1.6.zip,dotnet-win-x64.1.1.6.zip,,dotnet-dev-osx-x64.1.1.7.tar.gz,dotnet-dev-win-x86.1.1.7.zip,dotnet-dev-win-x64.1.1.7.zip,dotnet-centos-x64.1.1.6.tar.gz,dotnet-debian-x64.1.1.6.tar.gz,,dotnet-fedora.24-x64.1.1.6.tar.gz,,,,dotnet-opensuse.42.1-x64.1.1.6.tar.gz,,dotnet-ubuntu-x64.1.1.6.tar.gz,dotnet-ubuntu.16.04-x64.1.1.6.tar.gz,,,dotnet-dev-centos-x64.1.1.7.tar.gz,dotnet-dev-debian-x64.1.1.7.tar.gz,,dotnet-dev-fedora.24-x64.1.1.7.tar.gz,,,,dotnet-dev-opensuse.42.1-x64.1.1.7.tar.gz,,dotnet-dev-ubuntu-x64.1.1.7.tar.gz,dotnet-dev-ubuntu.16.04-x64.1.1.7.tar.gz,d,,https://dotnetcli.blob.core.windows.net/dotnet/checksums/1.1.6-runtime.txt,https://dotnetcli.blob.core.windows.net/dotnet/checksums/1.1.7-sdk.txt,TRUE,FALSE,FALSE
1.1.5,1.1.5,11/14/17,https://download.microsoft.com/download/6/A/2/6A21C555-B042-46EA-BBB4-368AACCB3E25/,https://download.microsoft.com/download/C/5/5/C55807F5-601C-49B1-B9BB-1BE03EB83E0A/,https://dotnetcli.blob.core.windows.net/dotnet/Runtime/1.1.5/,https://dotnetcli.blob.core.windows.net/dotnet/Sdk/1.1.5/,,dotnet-osx-x64.1.1.5.tar.gz,dotnet-win-x86.1.1.5.zip,dotnet-win-x64.1.1.5.zip,,dotnet-dev-osx-x64.1.1.5.tar.gz,dotnet-dev-win-x86.1.1.5.zip,dotnet-dev-win-x64.1.1.5.zip,dotnet-centos-x64.1.1.5.tar.gz,dotnet-debian-x64.1.1.5.tar.gz,,dotnet-fedora.24-x64.1.1.5.tar.gz,,,,dotnet-opensuse.42.1-x64.1.1.5.tar.gz,,dotnet-ubuntu-x64.1.1.5.tar.gz,dotnet-ubuntu.16.04-x64.1.1.5.tar.gz,,,dotnet-dev-centos-x64.1.1.5.tar.gz,dotnet-dev-debian-x64.1.1.5.tar.gz,,dotnet-dev-fedora.24-x64.1.1.5.tar.gz,,,,dotnet-dev-opensuse.42.1-x64.1.1.5.tar.gz,,dotnet-dev-ubuntu-x64.1.1.5.tar.gz,dotnet-dev-ubuntu.16.04-x64.1.1.5.tar.gz,d,,https://dotnetcli.blob.core.windows.net/dotnet/checksums/1.1.5-runtime.txt,https://dotnetcli.blob.core.windows.net/dotnet/checksums/1.1.5-sdk.txt,TRUE,FALSE,FALSE
1.0.9,1.1.7,11/14/17,https://download.microsoft.com/download/A/1/D/A1D5F1B5-A7B0-432B-A354-FCDC4B059149/,https://download.microsoft.com/download/4/E/6/4E64A465-F02E-43AD-9A86-A08A223A82C3/,https://dotnetcli.blob.core.windows.net/dotnet/Runtime/1.0.9/,https://dotnetcli.blob.core.windows.net/dotnet/Sdk/1.1.7/,,dotnet-osx-x64.1.0.9.tar.gz,dotnet-win-x86.1.0.9.zip,dotnet-win-x64.1.0.9.zip,,dotnet-dev-osx-x64.1.1.7.tar.gz,dotnet-dev-win-x86.1.1.7.zip,dotnet-dev-win-x64.1.1.7.zip,dotnet-centos-x64.1.0.9.tar.gz,dotnet-debian-x64.1.0.9.tar.gz,dotnet-fedora.24-x64.1.0.9.tar.gz,,,,,,,dotnet-ubuntu-x64.1.0.9.tar.gz,dotnet-ubuntu.16.04-x64.1.0.9.tar.gz,,,dotnet-dev-centos-x64.1.1.7.tar.gz,dotnet-dev-debian-x64.1.1.7.tar.gz,dotnet-dev-fedora.24-x64.1.1.7.tar.gz,,,,,,,dotnet-dev-ubuntu-x64.1.1.7.tar.gz,dotnet-dev-ubuntu.16.04-x64.1.1.7.tar.gz,,,https://dotnetcli.blob.core.windows.net/dotnet/checksums/1.0.9-1.1.6-runtime-sha.txt,https://dotnetcli.blob.core.windows.net/dotnet/checksums/1.1.7-sdk-sha.txt,TRUE,FALSE,FALSE
1.0.8,1.1.5,11/14/17,https://download.microsoft.com/download/5/0/B/50B3563D-0109-4975-B1FC-F3F31DE3CC82/,https://download.microsoft.com/download/C/5/5/C55807F5-601C-49B1-B9BB-1BE03EB83E0A/,https://dotnetcli.blob.core.windows.net/dotnet/Runtime/1.0.8/,https://dotnetcli.blob.core.windows.net/dotnet/Sdk/1.1.5/,,dotnet-osx-x64.1.0.8.tar.gz,dotnet-win-x86.1.0.8.zip,dotnet-win-x64.1.0.8.zip,,dotnet-dev-osx-x64.1.1.5.tar.gz,dotnet-dev-win-x86.1.1.5.zip,dotnet-dev-win-x64.1.1.5.zip,dotnet-centos-x64.1.0.8.tar.gz,dotnet-debian-x64.1.0.8.tar.gz,dotnet-fedora.24-x64.1.0.8.tar.gz,,,,,,,dotnet-ubuntu-x64.1.0.8.tar.gz,dotnet-ubuntu.16.04-x64.1.0.8.tar.gz,,,dotnet-dev-centos-x64.1.1.5.tar.gz,dotnet-dev-debian-x64.1.1.5.tar.gz,dotnet-dev-fedora.24-x64.1.1.5.tar.gz,,,,,,,dotnet-dev-ubuntu-x64.1.1.5.tar.gz,dotnet-dev-ubuntu.16.04-x64.1.1.5.tar.gz,,,https://dotnetcli.blob.core.windows.net/dotnet/checksums/1.0.8-1.1.2-sharedfx-SHA.txt,https://dotnetcli.blob.core.windows.net/dotnet/checksums/1.1.5-SDK-SHA.txt,TRUE,FALSE,FALSE
1.1.4,1.1.4,9/21/17,https://download.microsoft.com/download/6/F/B/6FB4F9D2-699B-4A40-A674-B7FF41E0E4D2/,https://download.microsoft.com/download/F/4/F/F4FCB6EC-5F05-4DF8-822C-FF013DF1B17F/,https://dotnetcli.blob.core.windows.net/dotnet/Runtime/1.1.4/,https://dotnetcli.blob.core.windows.net/dotnet/Sdk/1.1.4/,,dotnet-osx-x64.1.1.4.tar.gz,dotnet-win-x86.1.1.4.zip,dotnet-win-x64.1.1.4.zip,,dotnet-dev-osx-x64.1.1.4.tar.gz,dotnet-dev-win-x86.1.1.4.zip,dotnet-dev-win-x64.1.1.4.zip,dotnet-centos-x64.1.1.4.tar.gz,dotnet-debian-x64.1.1.4.tar.gz,dotnet-fedora.23-x64.1.1.4.tar.gz,dotnet-fedora.24-x64.1.1.4.tar.gz,,,dotnet-opensuse.13.2-x64.1.1.4.tar.gz,dotnet-opensuse.42.1-x64.1.1.4.tar.gz,,dotnet-ubuntu-x64.1.1.4.tar.gz,dotnet-ubuntu.16.04-x64.1.1.4.tar.gz,dotnet-ubuntu.16.10-x64.1.1.4.tar.gz,,dotnet-dev-centos-x64.1.1.4.tar.gz,dotnet-dev-debian-x64.1.1.4.tar.gz,dotnet-dev-fedora.23-x64.1.1.4.tar.gz,dotnet-dev-fedora.24-x64.1.1.4.tar.gz,,,dotnet-dev-opensuse.13.2-x64.1.1.4.tar.gz,dotnet-dev-opensuse.42.1-x64.1.1.4.tar.gz,,dotnet-dev-ubuntu-x64.1.1.4.tar.gz,dotnet-dev-ubuntu.16.04-x64.1.1.4.tar.gz,dotnet-dev-ubuntu.16.10-x64.1.1.4.tar.gz,,https://dotnetcli.blob.core.windows.net/dotnet/checksums/1.0.5-1.1.4-sharedfx-SHA.txt,https://dotnetcli.blob.core.windows.net/dotnet/checksums/1.1.4-SDK-SHA.txt,FALSE,FALSE,FALSE
1.0.7,1.1.4,9/21/17,https://download.microsoft.com/download/B/0/D/B0D6D983-3188-4008-A852-94BCED5355E6/,https://download.microsoft.com/download/F/4/F/F4FCB6EC-5F05-4DF8-822C-FF013DF1B17F/,https://dotnetcli.blob.core.windows.net/dotnet/Runtime/1.0.7/,https://dotnetcli.blob.core.windows.net/dotnet/Sdk/1.1.4/,,dotnet-osx-x64.1.0.7.tar.gz,dotnet-win-x86.1.0.7.zip,dotnet-win-x64.1.0.7.zip,,dotnet-dev-osx-x64.1.1.4.tar.gz,dotnet-dev-win-x86.1.1.4.zip,dotnet-dev-win-x64.1.1.4.zip,dotnet-centos-x64.1.0.7.tar.gz,dotnet-debian-x64.1.0.7.tar.gz,dotnet-fedora.23-x64.1.0.7.tar.gz,,,,dotnet-opensuse.13.2-x64.1.0.7.tar.gz,,,dotnet-ubuntu-x64.1.0.7.tar.gz,dotnet-ubuntu.16.04-x64.1.0.7.tar.gz,,,dotnet-dev-centos-x64.1.1.4.tar.gz,dotnet-dev-debian-x64.1.1.4.tar.gz,dotnet-dev-fedora.23-x64.1.1.4.tar.gz,,,,dotnet-dev-opensuse.13.2-x64.1.1.4.tar.gz,,,dotnet-dev-ubuntu-x64.1.1.4.tar.gz,dotnet-dev-ubuntu.16.04-x64.1.1.4.tar.gz,,,https://dotnetcli.blob.core.windows.net/dotnet/checksums/1.0.7-1.1.2-sharedfx-SHA.txt,https://dotnetcli.blob.core.windows.net/dotnet/checksums/1.1.4-SDK-SHA.txt,TRUE,FALSE,FALSE
2.0.0,2.0.0,8/14/17,https://download.microsoft.com/download/5/6/B/56BFEF92-9045-4414-970C-AB31E0FC07EC/,http://download.microsoft.com/download/0/F/D/0FD852A4-7EA1-4E2A-983A-0484AC19B92C/,https://dotnetcli.blob.core.windows.net/dotnet/Runtime/2.0.0/,https://dotnetcli.blob.core.windows.net/dotnet/Sdk/2.0.0/,dotnet-runtime-2.0.0-linux-x64.tar.gz,dotnet-runtime-2.0.0-osx-x64.tar.gz,dotnet-runtime-2.0.0-win-x86.zip,dotnet-runtime-2.0.0-win-x64.zip,dotnet-sdk-2.0.0-linux-x64.tar.gz,dotnet-sdk-2.0.0-osx-x64.tar.gz,dotnet-sdk-2.0.0-win-x86.zip,dotnet-sdk-2.0.0-win-x64.zip,,,,,,,,,,,,,,,,,,,,,,,,,,,https://dotnetcli.blob.core.windows.net/dotnet/checksums/2.0.0-runtime-sha.txt,https://dotnetcli.blob.core.windows.net/dotnet/checksums/2.0.0-runtime-sha.txt,FALSE,FALSE,FALSE
2.0.0-preview2-25407-01,2.0.0-preview2-006497,6/28/17,https://download.microsoft.com/download/8/5/8/85896F6E-C7F5-4ECA-ADF7-CCE8EFAD9AA6/,https://download.microsoft.com/download/F/A/A/FAAE9280-F410-458E-8819-279C5A68EDCF/,https://dotnetcli.blob.core.windows.net/dotnet/Runtime/2.0.0-preview2-25407-01/,https://dotnetcli.blob.core.windows.net/dotnet/Sdk/2.0.0-preview2-006497/,dotnet-runtime-2.0.0-preview2-25407-01-linux-x64.tar.gz,dotnet-runtime-2.0.0-preview2-25407-01-osx-x64.tar.gz,dotnet-runtime-2.0.0-preview2-25407-01-win-x86.zip,dotnet-runtime-2.0.0-preview2-25407-01-win-x64.zip,dotnet-sdk-2.0.0-preview2-006497-linux-x64.tar.gz,dotnet-sdk-2.0.0-preview2-006497-osx-x64.tar.gz,dotnet-sdk-2.0.0-preview2-006497-win-x86.zip,dotnet-sdk-2.0.0-preview2-006497-win-x64.zip,,,,,,,,,,,,,,,,,,,,,,,,,,,https://dotnetcli.blob.core.windows.net/dotnet/checksums/2.0.0-preview2-runtime-sha.txt,https://dotnetcli.blob.core.windows.net/dotnet/checksums/2.0.0-preview2-sdk-sha.txt,FALSE,FALSE,FALSE
2.0.0-preview1-002111-00,2.0.0-preview1-005977,5/10/17,https://download.microsoft.com/download/0/4/8/048C286D-59CB-4B7C-95A1-D0F7FD4D37D2/,https://download.microsoft.com/download/3/7/F/37F1CA21-E5EE-4309-9714-E914703ED05A/,https://dotnetcli.blob.core.windows.net/dotnet/release/2.0.0/Installers/2.0.0-preview1-002111-00/,https://dotnetcli.blob.core.windows.net/dotnet/Sdk/2.0.0-preview1-005977/,dotnet-linux-x64.2.0.0-preview1-002111-00.tar.gz,dotnet-osx-x64.2.0.0-preview1-002111-00.tar.gz,dotnet-win-x86.2.0.0-preview1-002111-00.exe,dotnet-win-x64.2.0.0-preview1-002111-00.zip,dotnet-dev-linux-x64.2.0.0-preview1-005977.tar.gz,dotnet-dev-osx-x64.2.0.0-preview1-005977.tar.gz,dotnet-dev-win-x86.2.0.0-preview1-005977.exe,dotnet-dev-win-x64.2.0.0-preview1-005977.exe,,,,,,,,,,,,,,,,,,,,,,,,,,,https://dotnetcli.blob.core.windows.net/dotnet/checksums/2.0.0-preview1-sharedfx-sha.txt,https://dotnetcli.blob.core.windows.net/dotnet/checksums/2.0.0-preview1-sdk-sha.txt,FALSE,FALSE,FALSE
1.0.5,1.0.4,5/9/17,https://download.microsoft.com/download/2/4/A/24A06858-E8AC-469B-8AE6-D0CEC9BA982A/,https://download.microsoft.com/download/E/7/8/E782433E-7737-4E6C-BFBF-290A0A81C3D7/,https://dotnetcli.blob.core.windows.net/dotnet/preview/Binaries/1.0.5/,https://dotnetcli.blob.core.windows.net/dotnet/Sdk/1.0.4/,,dotnet-osx-x64.1.0.5.tar.gz,dotnet-win-x86.1.0.5.zip,dotnet-win-x64.1.0.5.zip,,dotnet-dev-osx-x64.1.0.4.tar.gz,dotnet-dev-win-x86.1.0.4.zip,dotnet-dev-win-x64.1.0.4.zip,dotnet-centos-x64.1.0.5.tar.gz,dotnet-debian-x64.1.0.5.tar.gz,dotnet-fedora.23-x64.1.0.5.tar.gz,,,,dotnet-opensuse.13.2-x64.1.0.5.tar.gz,,,dotnet-ubuntu-x64.1.0.5.tar.gz,dotnet-ubuntu.16.04-x64.1.0.5.tar.gz,,,dotnet-dev-centos-x64.1.0.4.tar.gz,dotnet-dev-debian-x64.1.0.4.tar.gz,dotnet-dev-fedora.23-x64.1.0.4.tar.gz,,,,dotnet-dev-opensuse.13.2-x64.1.0.4.tar.gz,,,dotnet-dev-ubuntu-x64.1.0.4.tar.gz,dotnet-dev-ubuntu.16.04-x64.1.0.4.tar.gz,,,https://dotnetcli.blob.core.windows.net/dotnet/checksums/1.0.5-1.1.2-sharedfx-SHA.txt,https://dotnetcli.blob.core.windows.net/dotnet/checksums/1.0.4-SDK-SHA.txt,TRUE,FALSE,FALSE
1.1.2,1.0.4,5/9/17,https://download.microsoft.com/download/D/7/A/D7A9E4E9-5D25-4F0C-B071-210CB8267943/,https://download.microsoft.com/download/E/7/8/E782433E-7737-4E6C-BFBF-290A0A81C3D7/,https://dotnetcli.blob.core.windows.net/dotnet/release/1.1.0/Binaries/1.1.2/,https://dotnetcli.blob.core.windows.net/dotnet/Sdk/1.0.4/,,dotnet-osx-x64.1.1.2.tar.gz,dotnet-win-x86.1.1.2.zip,dotnet-win-x64.1.1.2.zip,,dotnet-dev-osx-x64.1.0.4.tar.gz,dotnet-dev-win-x86.1.0.4.zip,dotnet-dev-win-x64.1.0.4.zip,dotnet-centos-x64.1.1.2.tar.gz,dotnet-debian-x64.1.1.2.tar.gz,dotnet-fedora.23-x64.1.1.2.tar.gz,dotnet-fedora.24-x64.1.1.2.tar.gz,,,dotnet-opensuse.13.2-x64.1.1.2.tar.gz,dotnet-opensuse.42.1-x64.1.1.2.tar.gz,,dotnet-ubuntu-x64.1.1.2.tar.gz,dotnet-ubuntu.16.04-x64.1.1.2.tar.gz,dotnet-ubuntu.16.10-x64.1.1.2.tar.gz,,dotnet-dev-centos-x64.1.0.4.tar.gz,dotnet-dev-debian-x64.1.0.4.tar.gz,dotnet-dev-fedora.23-x64.1.0.4.tar.gz,dotnet-dev-fedora.24-x64.1.0.4.tar.gz,,,dotnet-dev-opensuse.13.2-x64.1.0.4.tar.gz,dotnet-dev-opensuse.42.1-x64.1.0.4.tar.gz,,dotnet-dev-ubuntu-x64.1.0.4.tar.gz,dotnet-dev-ubuntu.16.04-x64.1.0.4.tar.gz,dotnet-dev-ubuntu.16.10-x64.1.0.4.tar.gz,,https://dotnetcli.blob.core.windows.net/dotnet/checksums/1.0.5-1.1.2-sharedfx-SHA.txt,https://dotnetcli.blob.core.windows.net/dotnet/checksums/1.0.4-SDK-SHA.txt,FALSE,FALSE,FALSE
1.0.4,1.0.1,3/7/17,https://dotnetcli.blob.core.windows.net/dotnet/preview/Binaries/1.0.4/,https://dotnetcli.blob.core.windows.net/dotnet/Sdk/1.0.1/,https://dotnetcli.blob.core.windows.net/dotnet/preview/Binaries/1.0.4/,https://dotnetcli.blob.core.windows.net/dotnet/Sdk/1.0.1/,,dotnet-osx-x64.1.0.4.tar.gz,dotnet-win-x86.1.0.4.zip,dotnet-win-x64.1.0.4.zip,,dotnet-dev-osx-x64.1.0.1.tar.gz,dotnet-dev-win-x86.1.0.1.zip,dotnet-dev-win-x64.1.0.1.zip,dotnet-centos-x64.1.0.4.tar.gz,dotnet-debian-x64.1.0.4.tar.gz,dotnet-fedora.23-x64.1.0.4.tar.gz,,,,dotnet-opensuse.13.2-x64.1.0.4.tar.gz,,,dotnet-ubuntu-x64.1.0.4.tar.gz,dotnet-ubuntu.16.04-x64.1.0.4.tar.gz,,,dotnet-dev-centos-x64.1.0.1.tar.gz,dotnet-dev-debian-x64.1.0.1.tar.gz,dotnet-dev-fedora.23-x64.1.0.1.tar.gz,,,,dotnet-dev-opensuse.13.2-x64.1.0.1.tar.gz,,,dotnet-dev-ubuntu-x64.1.0.1.tar.gz,dotnet-dev-ubuntu.16.10-x64.1.0.1.tar.gz,,,https://dotnetcli.blob.core.windows.net/dotnet/checksums/1.0.4-1.1.1-sharedfx-SHA.txt,https://dotnetcli.blob.core.windows.net/dotnet/checksums/1.0.1-SDK-SHA.txt,FALSE,FALSE,FALSE
1.1.1,1.0.1,3/7/17,https://download.microsoft.com/download/9/5/6/9568826C-E3F6-44A7-9F75-DD8E6AB29543/,https://dotnetcli.blob.core.windows.net/dotnet/Sdk/1.0.1/,https://dotnetcli.blob.core.windows.net/dotnet/release/1.1.0/Binaries/1.1.1/,https://dotnetcli.blob.core.windows.net/dotnet/Sdk/1.0.1/,,dotnet-osx-x64.1.1.1.tar.gz,dotnet-win-x86.1.1.1.zip,dotnet-win-x64.1.1.1.zip,,dotnet-dev-osx-x64.1.0.1.tar.gz,dotnet-dev-win-x86.1.0.1.zip,dotnet-dev-win-x64.1.0.1.zip,dotnet-centos-x64.1.1.1.tar.gz,dotnet-debian-x64.1.1.1.tar.gz,dotnet-fedora.23-x64.1.1.1.tar.gz,dotnet-fedora.24-x64.1.1.1.tar.gz,,,dotnet-opensuse.13.2-x64.1.1.1.tar.gz,dotnet-opensuse.42.1-x64.1.1.1.tar.gz,,dotnet-ubuntu-x64.1.1.1.tar.gz,dotnet-ubuntu.16.04-x64.1.1.1.tar.gz,dotnet-ubuntu.16.10-x64.1.1.1.tar.gz,,dotnet-dev-centos-x64.1.0.1.tar.gz,dotnet-dev-debian-x64.1.0.1.tar.gz,dotnet-dev-fedora.23-x64.1.0.1.tar.gz,dotnet-dev-fedora.24-x64.1.0.1.tar.gz,,,dotnet-dev-opensuse.13.2-x64.1.0.1.tar.gz,dotnet-dev-opensuse.42.1-x64.1.0.1.tar.gz,,dotnet-dev-ubuntu-x64.1.0.1.tar.gz,dotnet-dev-ubuntu.16.10-x64.1.0.1.tar.gz,dotnet-dev-ubuntu.16.04-x64.1.0.1.tar.gz,,https://dotnetcli.blob.core.windows.net/dotnet/checksums/1.0.4-1.1.1-sharedfx-SHA.txt,https://dotnetcli.blob.core.windows.net/dotnet/checksums/1.0.1-SDK-SHA.txt,FALSE,FALSE,FALSE
1.0.3,1.0.0-preview2-003156,12/13/16,https://download.microsoft.com/download/A/F/F/AFF54A80-A370-4595-B22C-2575C10F5F4F/sharedfx/,https://download.microsoft.com/download/A/F/F/AFF54A80-A370-4595-B22C-2575C10F5F4F/sdk/,https://dotnetcli.blob.core.windows.net/dotnet/preview/Binaries/1.0.3/,https://dotnetcli.blob.core.windows.net/dotnet/preview/Binaries/1.0.0-preview2-003156/,,dotnet-osx-x64.1.0.3.tar.gz,dotnet-win-x86.1.0.3.zip,dotnet-win-x64.1.0.3.zip,,dotnet-dev-osx-x64.1.0.0-preview2-003156.tar.gz,dotnet-dev-win-x86.1.0.0-preview2-003156.zip,dotnet-dev-win-x64.1.0.0-preview2-003156.zip,dotnet-centos-x64.1.0.3.tar.gz,dotnet-debian-x64.1.0.3.tar.gz,dotnet-fedora.23-x64.1.0.3.tar.gz,,,,dotnet-opensuse.13.2-x64.1.0.3.tar.gz,,,dotnet-ubuntu-x64.1.0.3.tar.gz,dotnet-ubuntu.16.04-x64.1.0.3.tar.gz,,,dotnet-dev-centos-x64.1.0.0-preview2-003156.tar.gz,dotnet-dev-debian-x64.1.0.0-preview2-003156.tar.gz,dotnet-dev-fedora.23-x64.1.0.0-preview2-003156.tar.gz,,,,dotnet-dev-opensuse.13.2-x64.1.0.0-preview2-003156.tar.gz,,,dotnet-dev-ubuntu-x64.1.0.0-preview2-003156.tar.gz,dotnet-dev-ubuntu.16.04-x64.1.0.0-preview2-003156.tar.gz,,,https://dotnetcli.blob.core.windows.net/dotnet/checksums/1.0.3-SDK-Preview-2-3156-SHA.txt,https://dotnetcli.blob.core.windows.net/dotnet/checksums/1.0.3-SDK-Preview-2-3156-SHA.txt,FALSE,FALSE,FALSE
1.1.0,1.0.0-preview2.1-003177,11/16/16,https://download.microsoft.com/download/A/F/6/AF610E6A-1D2D-47D8-80B8-F178951A0C72/Binaries/,https://download.microsoft.com/download/A/F/6/AF610E6A-1D2D-47D8-80B8-F178951A0C72/Binaries/,https://dotnetcli.blob.core.windows.net/dotnet/release/1.1.0/Binaries/1.1.0/,https://dotnetcli.blob.core.windows.net/dotnet/preview/Binaries/1.0.0-preview2-1-003177/,,dotnet-osx-x64.1.1.0.tar.gz,dotnet-win-x86.1.1.0.zip,dotnet-win-x64.1.1.0.zip,,dotnet-dev-osx-x64.1.0.0-preview2-1-003177.tar.gz,dotnet-dev-win-x86.1.0.0-preview2-1-003177.zip,dotnet-dev-win-x64.1.0.0-preview2-1-003177.zip,dotnet-centos-x64.1.1.0.tar.gz,dotnet-debian-x64.1.1.0.tar.gz,dotnet-fedora.23-x64.1.1.0.tar.gz,dotnet-fedora.24-x64.1.1.0.tar.gz,,,dotnet-opensuse.13.2-x64.1.1.0.tar.gz,dotnet-opensuse.42.1-x64.1.1.0.tar.gz,,dotnet-ubuntu-x64.1.1.0.tar.gz,dotnet-ubuntu.16.04-x64.1.1.0.tar.gz,dotnet-ubuntu.16.10-x64.1.1.0.tar.gz,,dotnet-dev-centos-x64.1.0.0-preview2-1-003177.tar.gz,dotnet-dev-debian-x64.1.0.0-preview2-1-003177.tar.gz,dotnet-dev-fedora.23-x64.1.0.0-preview2-1-003177.tar.gz,dotnet-dev-fedora.24-x64.1.0.0-preview2-1-003177.tar.gz,,,dotnet-dev-opensuse.13.2-x64.1.0.0-preview2-1-003177.tar.gz,dotnet-dev-opensuse.42.1-x64.1.0.0-preview2-1-003177.tar.gz,,dotnet-dev-ubuntu-x64.1.0.0-preview2-1-003177.tar.gz,dotnet-dev-ubuntu.16.04-x64.1.0.0-preview2-1-003177.tar.gz,dotnet-dev-ubuntu.16.10-x64.1.0.0-preview2-1-003177.tar.gz,,https://dotnetcli.blob.core.windows.net/dotnet/checksums/1.1.0-SDK-Preview-2.1-3177-SHA.txt,https://dotnetcli.blob.core.windows.net/dotnet/checksums/1.1.0-SDK-Preview-2.1-3177-SHA.txt,FALSE,FALSE,FALSE
1.0.2,1.0.0-preview2-003148,10/17/16,https://download.microsoft.com/download/B/0/0/B00543E8-54D9-4D4A-826B-84348956AA75/,,https://dotnetcli.blob.core.windows.net/dotnet/preview/Binaries/1.0.2/,https://dotnetcli.blob.core.windows.net/dotnet/preview/Binaries/1.0.0-preview2-003148/,,dotnet-osx-x64.1.0.2.tar.gz,dotnet-win-x86.1.0.2.zip,dotnet-win-x64.1.0.2.zip,,dotnet-dev-osx-x64.1.0.0-preview2-003148.tar.gz,dotnet-dev-win-x86.1.0.0-preview2-003148.zip,dotnet-dev-win-x64.1.0.0-preview2-003148.zip,dotnet-centos-x64.1.0.2.tar.gz,dotnet-debian-x64.1.0.2.tar.gz,dotnet-fedora.23-x64.1.0.2.tar.gz,,,,dotnet-opensuse.13.2-x64.1.0.2.tar.gz,,,dotnet-ubuntu-x64.1.0.2.tar.gz,dotnet-ubuntu.16.04-x64.1.0.2.tar.gz,,,dotnet-dev-centos-x64.1.0.0-preview2-003148.tar.gz,dotnet-dev-debian-x64.1.0.0-preview2-003148.tar.gz,dotnet-dev-fedora.23-x64.1.0.0-preview2-003148.tar.gz,,,,dotnet-dev-opensuse.13.2-x64.1.0.0-preview2-003148.tar.gz,,,dotnet-dev-ubuntu-x64.1.0.0-preview2-003148.tar.gz,dotnet-dev-ubuntu.16.04-x64.1.0.0-preview2-003148.tar.gz,,,https://dotnetcli.blob.core.windows.net/dotnet/checksums/1.0.2-SDK-Preview-2-3148-SHA.txt,https://dotnetcli.blob.core.windows.net/dotnet/checksums/1.0.2-SDK-Preview-2-3148-SHA.txt,FALSE,FALSE,FALSE
1.0.1,1.0.0-preview2-003131,9/13/16,https://download.microsoft.com/download/B/0/0/B00543E8-54D9-4D4A-826B-84348956AA75/,https://download.microsoft.com/download/1/5/2/1523EBE1-3764-4328-8961-D1BD8ECA9295/,https://dotnetcli.blob.core.windows.net/dotnet/preview/Binaries/1.0.1/,https://dotnetcli.blob.core.windows.net/dotnet/preview/Installers/1.0.0-preview2-003131/,,dotnet-osx-x64.1.0.1.tar.gz,dotnet-win-x86.1.0.1.zip,dotnet-win-x64.1.0.1.zip,,dotnet-dev-osx-x64.1.0.0-preview2-003131.tar.gz,dotnet-dev-win-x86.1.0.0-preview2-003131.zip,dotnet-dev-win-x64.1.0.0-preview2-003131.zip,dotnet-centos-x64.1.0.1.tar.gz,dotnet-debian-x64.1.0.1.tar.gz,dotnet-fedora.23-x64.1.0.1.tar.gz,,,,dotnet-opensuse.13.2-x64.1.0.1.tar.gz,,,dotnet-ubuntu-x64.1.0.1.tar.gz,dotnet-ubuntu.16.04-x64.1.0.1.tar.gz,,,dotnet-dev-centos-x64.1.0.0-preview2-003131.tar.gz,dotnet-dev-debian-x64.1.0.0-preview2-003131.tar.gz,dotnet-dev-fedora.23-x64.1.0.0-preview2-003131.tar.gz,,,,dotnet-dev-opensuse.13.2-x64.1.0.0-preview2-003131.tar.gz,,,dotnet-dev-ubuntu-x64.1.0.0-preview2-003131.tar.gz,dotnet-dev-ubuntu.16.04-x64.1.0.0-preview2-003131.tar.gz,,,https://dotnetcli.blob.core.windows.net/dotnet/checksums/1.0.1-SDK-Preview-2-3133-SHA.txt,https://dotnetcli.blob.core.windows.net/dotnet/checksums/1.0.1-SDK-Preview-2-3133-SHA.txt,FALSE,FALSE,FALSE
1.0.0,1.0.0-preview2-003121,6/27/16,https://download.microsoft.com/download/8/4/E/84EA9F4F-0E3A-4B41-A18A-36D51B06CBED/,https://download.microsoft.com/download/1/5/2/1523EBE1-3764-4328-8961-D1BD8ECA9295/,https://dotnetcli.blob.core.windows.net/dotnet/preview/Installers/1.0.0/,https://dotnetcli.blob.core.windows.net/dotnet/preview/Installers/1.0.0-preview2-003121/,,dotnet-osx-x64.1.0.0.tar.gz,dotnet-win-x86.1.0.0.zip,dotnet-win-x64.1.0.0.zip,,dotnet-dev-osx-x64.1.0.0-preview2-003121.tar.gz,dotnet-dev-win-x86.1.0.0-preview2-003121.zip,dotnet-dev-win-x64.1.0.0-preview2-003121.zip,dotnet-centos-x64.1.0.0.tar.gz,dotnet-debian-x64.1.0.0.tar.gz,dotnet-fedora.23-x64.1.0.0.tar.gz,,,,dotnet-opensuse.13.2-x64.1.0.0.tar.gz,,,dotnet-ubuntu-x64.1.0.0.tar.gz,,,,dotnet-dev-centos-x64.1.0.0-preview2-003118.tar.gz,dotnet-dev-debian-x64.1.0.0-preview2-003118.tar.gz,dotnet-dev-fedora.23-x64.1.0.0-preview2-003121.tar.gz,,,,dotnet-dev-opensuse.13.2-x64.1.0.0-preview2-003121.tar.gz,,,dotnet-dev-ubuntu-x64.1.0.0-preview2-003121.tar.gz,,,,https://dotnetcli.blob.core.windows.net/dotnet/checksums/1.0-SDK-Preview-2-3121-SHA.txt,https://dotnetcli.blob.core.windows.net/dotnet/checksums/1.0-SDK-Preview-2-3121-SHA.txt,FALSE,FALSE,FALSE